1000265,gurmukhpanesar
1001055,niteglow
10018704,neenan1
1002125,sandersaar
10023123,evgeniivanov
10023851,skvirskiy
10025792,lolaolson
10026003,fillingthepages
1002808,mauraestrada1
1003040,thisnatasha
1003992,lord_of_freaks
10041002,juliparaiso
100418454,wanna_be_heard_
10052651,pearly_tpl
10063061,rosybia82
1006449,selenachanlive
1007,robzand
1007760,ha1z
10082086,claireboyles
10083236,in_minor_chords
10084141,thedaviddias
10086495,thellius
10088730,bogdansarachev
1009358,mocksounddesign
10100788,alpereroglu
101023,tbrd
1010426,neenaw
1010467,mijlee
101097,mykreeve
101213,philcampbell
10126094,tweetalexm
10129170,treescantdance
10132123,aobafaraj
10136151,moni_gi
10136326,bjonic
10142887,chuchosimancas
1014406,lucyhg
10159517,paibul
1016691,ladyenroute
101755,cdm
10182452,suffolksofe
10183453,daveypea
101931,joelangford
10204808,comunicaton
10210055,sour_jelly_bean
10213164,xmassss62
10215504,gewfighter
10221846,h0sa
10222918,yved_
10225473,aldertonmichael
10257938,blwilliams11
1026454,jowebber1981
10264652,singlemaltmark
10267448,dmmoret
1026930,simon_toon
10269798,mickwout
10271189,lucianacalta
10271670,alantlwilson
10273862,brompton_osk
10312812,r_maude
103133,jdaykin
10315387,duncanjamal
1031603,jsjallen
10317218,ballueder
10321563,saijaluo
103345,andershusa
1033557,lordhyperbole
1034634,domfeeney
103522888,ruwailia
1036308,brunogarcez
10363869,bagolyagi
10366144,rb401
103662,danielbower
10371200,grant_russell
10375603,wildroosteruk
103782536,gillyberlin
10379633,rookiebassist
1038072,verasiemons
10397388,mortenrolesen
10399014,albertosanz
10400734,agustinagiron
1043009,foersterphoto
1043738,zobby
1043755,ojmiles
10439928,ievzii
1044045,otherdata
104475171,thisdrinkinlife
1045865,drumazza
1048025,th_retweet
104823,snarkle
10485250,michelle_wiles
10492972,samuelpraxedes
1049434,cericeri
1049925,dunk_ra
105027240,joansue
1050973,alanporch
105118795,stormegg
10512590,elena_skam
10531784,luizameneghim
10540959,hotelinfo_en
10550340,tanyadestiny
1055098,christianbudtz
10555985,scottie_game
105614086,bsrakan
10562033,ilzinja
10573865,mc_goolidova
10580692,cr7masha
105807,nikicheong
105857,peterjblack
10598508,julychh
10601161,mostsolitary
1061085,borjareinares
10615782,tarik_yuksel
10636518,rubaoluna
1063802,laxmi
10661525,enriqueowns
1066226,andrew_rayner
10664267,aaltunaiji
1066569,n_almisnad
1066592,reddiej
1067600,joniel
1068018,snellie
1068055,harderworking
106866,robbiegirdler
10688022,maggiekok
10701202,nadeshka1
10701586,akeelaahmed
1070416,eevilmidget
10715637,simjungbo
10717918,henrikornebring
10723,leepnet
10725108,lancenanek
10727775,jmonjack
1073455,blogstone
1074787,pjong
1075060,mr_chris_martin
107513970,brunoloxton
107578,pmoe
1075888,londoncharlotte
10760027,jonathanang
10764496,rtenconi
10767967,mausat7
1077317,jap84
107750381,stelioszarras
10781965,so_bfm
107864068,slovesnova_k
1081035,philjones77
10815915,tacofujico
1081648,mnewman
1081672,leandropena
10820604,robbiewatson
108251,joonian
108301,paulwallbank
108305,billglover
1083496,danev_
108457,siwue
108463,cliveandrews
108527,shrinkwrapped
1085812,jonathang
108680,daleydavis
1086878,lobotomiatbm
10869717,chdewouters
10872677,lucamazet
1087536,krongking
1088640,annieqpr
10889516,_miss_clark_
1089168,theulis
10892533,mistyleis
10894822,daphnegetfreee
10900813,rafaelcosme_
1090186,boudielicious
10901925,andyjcollins
10903027,graham_copp
10903953,hadinili
10917195,ayngelina
10927130,iamfledge
10929736,simontuff
10955564,faten_mm
10967394,androromero
1096748,djblackfool
10969653,theplasticfang
10970909,sutormina
10973776,ele3001
10975215,ipravwin
11004153,paulasouzabr
11005303,misshere
110059,nacht
11015047,desiredstates
11019367,the_skr
110208,davereinhardt
11026971,j3nniferohjenny
11027167,nicolei7
1102787,fiahmad
1102985,urihoresh
11033211,patrickdjp
11039492,leorodriquez
110485674,taizki
110519,optimisticpaul
11060752,mcsquareltd
1106560,fuselagetown
1106686,ekaphap111
11071671,ametdj
11073540,tavtamila
11075327,woodallc87
11094637,hussainx
11098277,hainesytweet91
11098414,whealie
1110128,ebayanorak
1110181,guiyoka
1110342,jammus
1110790,grpaiva
11107945,maced40
111127728,sofyazakharova
11117290,jworksuk
11122207,sionarasan
11143991,deannathomas
11144582,katemonkey
11147975,beettle_juice
1115587,ericfielmich
11156809,ariq
1116377,jeremieworld
1116751,deancallan
111714,dankarran
111794,taonga
111862180,konstantinoskrs
111865,howardlake
1119276,kikiechan
1120098,jayteunis
11203736,danlukeyoung
11209873,nigelcsmith
11210316,willquah
11218874,s_cadwell
112273,mab397
11245905,theshellmeister
11246130,mmowso
11252976,edidz
11255364,adapeck
1125911,willemevanoort
11265135,bomuhamed
11280751,dashkadashk
11283170,danict89
11286440,yeah_g_
11286791,bortles
1128742,emiliaf
11289027,mkactually
11296085,trentend91
11311131,markgaze
11315050,sarahocarroll
1132155,shinyorke
11327234,nick0tek
1133263,flashquote
11332977,rubyxkelly
1133373,jpsoares
11335838,melikem
11338031,fom_info
11338520,jacks_burrito
113599,mrrtian
11365757,siberiansleigh
1136820,berniejmitchell
11371568,chriscon
113752,mark_fallows
113883147,hannahparvaz
11394478,babytopaz
11396572,sianwatson
11399810,dstubbings
11403606,alberi2
11403946,samy_o
11413727,toneitor
11425697,sjsupnorth
11426089,ayutanao
11429197,dwarfcoach
1143918,alkaceq
11439300,normashearerfan
11440756,aleccormack
11445855,adamnrdn
1144684,byrnecore
1144776,xavier_colomes
1145251,littleleez
1145374,miwa505
11455241,shadowolf19
11455474,rikebj
11460467,missfare
11461034,0ut_of_time_man
1146500,davidvanm
11468561,pietosobruno
1147132,bpolaszek
11480290,diontruter
11489072,stiffpigeons
11497876,brentnevejans
11497920,jackieshapiro27
11509361,dpeich
11513233,tamariekeehn
11516990,saulfd
11517896,mccart77
11528504,sophiakoutsouni
115341454,d_puiggali
11546717,knl334
11546988,sendtoseamus
11550918,mrberble
11555384,daaain
11555891,gassity
1156877,tog
115695825,dragaonegro75
11575948,alinakaras
1157734,ceanne
11580617,nenesitooo
11583476,omerishakoglu
1158446,rianaree
11585747,tamchee
11586488,andrewguppy
1159267,zestylemon
11595186,gbchefs
11600648,laurafh79
11602209,enterkeeden
11603644,sovesove
11604477,barbaracassani
11605839,rose_mary_q8
11607187,shubham
11609414,mmucak
11610020,haonavy
11614112,chrisbag
1163243,sorenjepsen
11635141,darrenbrowne
11648330,camsmith_bowie
1166391,nichump
11664676,starsandpoints
1167273,robinlayfield
11678990,mogajigbenga
11679848,sfoltz92
11682495,shevski
11691020,jjthomas2000
116915,chadedwards
11691600,pedronfmedeiros
11708128,michelemack
11708637,manna
11710523,diegobortolato
117109841,lhoid
117180666,mikalaplease
11723686,asadshaykh
11728894,twittler_dee
11736058,battledean
11737757,geckotodd149
1176756,vanszhang
11771562,krafla
1178002,j0t4b3
11784512,albonubesp
11784961,lancthetank
11787448,vanilla__milk
1179387,dp23
11815747,zubizarett
1181765,ceyooo
11836591,sidkiani
11836619,andsplend
118393917,a13xw00d
118426942,therealaykut
1184416,alanita704
11851379,rdnrssll
11854798,bob_may
118567859,iamjobina
11884103,cogara
11893368,annamariekee
11894504,stoptdv
1190124,harryjones
119046,guicane
11908772,icklepiggy
11908985,lilkatebaby
1191029,thatbloke
11920011,laraozer
11920539,virgo_
11921183,bianca_marielle
11923212,rmein_hazet
1193799,opherl
11945917,marcocattai
11972,mlitman
1198966,arefadib
1199141,ashyravaliya
11992408,breno_rocha_rj
11999778,toddyishere
12011196,chad_rains
12014155,a1georgescu
12016507,frank_epinette
1202617,hjortur
12031578,meltemuysaler
1204673,cownley
12053109,irfanuks
12077595,foxyfenn
1208552,elaineadu_poku
12086439,fjnogales
12091087,vampdeville
12091165,lawally78
12095702,stevetuckerst
1209621,itsafrogslife
1209643,benleith
1210139,chrisogle
12108051,missinadonskaya
12109256,mkomov
1211258,kevinyuen
12130936,tinrrlondon
12141394,markituss
12155181,rosslyn_rose
12155769,deanachadwick
12160061,fiona_doyle
121635,aalbersberg
12175400,vitalybaev
12175714,emsnellman
1218211,trowa_2002
12182340,jpejpejpe18
12185411,faum72
121896,matthiaskandel
12192616,ivan_brkljac
1220952,chapopo
12211198,nathanlevi32
12221151,ivettecuri
12223836,plucicanakiselo
12224951,jadrahme
12225447,berrybto
1222781,lamiczka
122342,ukmelia
122415390,cagataykoyuncuu
12243171,vividvisions
12244065,gaiarosetti
12250490,chandagohrani
12254824,gavindeas
122594236,lisagreef
122612691,dustin_h_
12275800,emanueledaloiso
1228888,elgrom
1229179,maneeauthi
12298427,ufukakpinar
12299904,nurselertekin
12304125,welvs
123054431,albujawladimir
12310511,janahradams
12322102,ed092
12335419,pamape75
1233557,kryslondonuk
12348806,andrewajoodha
12357367,hytgun
12358406,isilaylalay
12363290,udbazza
12380554,hberrozumaran
12382774,sisterblique
1238383,sohocub
1240372,owenjbailey
124039104,bekybanks
12405835,m_boss415
1240784,mauricioduraes
12410793,pepe_trevino87
12424767,ducatambasco
12437480,wickfordblue
124476521,mmarkmiller
12447800,savavr
12455961,nouraalmufarreh
12469319,luxmalex
12476564,magicmike29
1247781,jowybleu
1247827,kimcyoungjohn
124789062,francescoworld
12496054,talalqatar
12507887,lopsidedstephen
12508154,sayokotietz
1251911,rashn
125417011,travelmate4220
12543110,ef_design
12549235,theresaannd
12549305,yeastbp
12581817,zanne_wong
12583657,chmurphy
1258674,mradbourne
1259068,jeeves2001
125925785,mike_beckett
12593834,brooklynflyer
1260257,edmosuassuna
1260896,zozela
12624528,chrismjack
12628529,eda_molla
1263789,axelsegebrecht
12649,fitzmauricek
12654763,aseelalomran
12664981,catmonphoto
12668124,alex82y
126697,guygregory
12672877,thrashhits
126739,thesoundhorizon
12674425,aleksander_jr
126766,cee
12677765,rhammified
126783,kwameoh
12678469,entrecot69
1267948,dealorca
12680226,ourvictoire
12693583,saintyboy73
127025,puneet_max
12706066,malibu_blue
1271727,soniafigone
1272226,federicodicaro
12724205,gavin_martin
12724473,samueljrich
12726985,gozesener
12729541,murderwolfb
12738170,lebums
12741535,alinepatini
12746959,turk_ufuk
127543161,_bri_ldn
12761906,peter_londonuk
12762335,emmalouisebetty
1276341,markrickaby
12764274,explosive_crow
12765805,glennl1985
12765919,4sqjacques
12768299,mixandmary
12785870,ianbaynes
1278961,p___
12812766,jeff789
12818272,thscherpenzeel
1281887,phillelliott
12822710,mariaramia
128493,chriss
1284931,barneymagrooo
12858368,shorthairbritis
12858804,joshcornejo
12860201,kaan_deniz
128613,almostwright
128666,barnabee
1287340,miketv
12876273,oisinlunny
12876675,irepeto
12879510,barexchange
12879940,mariuscucuruz
12886842,melonegirl
12888173,flatt7
12891556,furbing
12896371,dannymcg
1289723,christophecauvy
1290420,davidecorradi
12907486,duysaltuncer
12909296,laurageneous
12915782,azzamaldakhil
129195,oharris69
12927137,mattj74
12933384,jvcbatista
12937620,souvini
12947321,jdwainer
12950487,caill73
1295420,pigats
1295977,andrewtibbitts
129692192,leeshhb
1297007,justinmckeown
12983948,stu_hill
1299116,dear_leila
12993352,fabornot
1299819,sasha_taylor
130038264,amd205x
1300781,abk2009
13016689,ozwaldcornelius
13017253,antonythoong
1301800,darrylsparey
1302363,clarerayner
1302556,chateau_de_dave
13030284,loogie_leia
13036175,mrj_ro
13036268,misscrisp
13040489,amandarcarvalho
13043909,madisonhudgens
13053314,ooaehjaoo
13056148,inspireleaders
13057271,thathodder
13057419,leninsky
130601,micflash
13062583,prechorus
13065595,nataliaribe
13070238,tall_rich
13073052,edu_cabs
130777143,sevalaksngr
13079434,stankevicht
13084639,jgphoto205
13089668,kevin_moyer
13092203,sytharu
1310123,holeytonal
1310722,deanways
131169,chemakolo
1313020,pereperchili
131371,chrislch
1313794,sethiharpreet
131462214,therontaggart
13146764,uazya
13149206,nik01ai
13152785,xx_al3ash_xx
13156960,ipeksalicii
1315933,nniakan
13162643,beautybitchblog
131728,yanroux
13178282,optokoppler
13189483,smlife7
13193440,gkamorasgroup
13212042,bgmorl
1322793,alisonlones
132383906,ivroberts
1324167,clara165
13243348,lystseva
1324773,purpaboo
13248569,joansinn
13272308,ba6alee
13277160,salmanalasfour
1327933,hunglee
13296271,camillacasey
13297704,deanoromo7
13299774,kunihayashida
13306258,xpatchx
13307100,kentband
13309952,sanjsamrao
13310014,rosariocutuli
13314720,n_pagey89
133158918,kesgai
13319744,maxdog1967
13338721,michaelmnd
133417,_jennifermorris
13350527,luxuryclutches
13352447,redhotgrindshow
1335737,mdelabahia
133772920,avinashb75
133791937,joshaaronr
1338304,iworldrunner
133907768,farishafii
1339109,inirs
13391331,iamshakenbake
13413078,fishsaysmoo
13423325,romanticcommy
13423692,imsnvr
13430191,goldennotebook
13442856,wilsyzy
13449140,novasuh
13458421,disneymadgina
13460352,mattbuller
134626097,dyoom32x
134693929,neynadeyna
1347053,muggoch
13476333,julian_wagner
1348191,billhung
13485929,paramido
1348811,thorpecom
13491292,alik_draiser
134995415,wp1x1
135128,jasonq
1351433,mikerbrant
1353447,ctrock
135459,mikaelplate
135603,nikolajk
135604605,amiranawi
13584069,britinnocal
1358678,h1brd
1358708,tomthemac
13594574,c__rizzle
1360256,herroyaldykness
136336548,mudhialhouti
13637166,jesssguzman
13662328,christophebert8
13667504,alwinhimself
13672354,bahahambi_m
13672727,ryneiskaya
136729,funkydog_
13693183,claudiodangeli
13694520,nuni2j
13701551,floydsdad
1370724,sykofantis
13724058,fatkidonfire
1372677,baydr
13726883,brujis
13741986,ambrosiopaulaa
1374633,dzsinksz
13746498,khunaizan
13753527,kawaii_ne245
137540566,kasiakoczulap
13761316,janbednarczyk
13762564,xmanguy69
13762932,devalad
13763411,kashintsev
13765489,joshuabower
1378614,zimme2cj
13787790,tripppleooo
137931287,silviacambie
1380383,dragnot
13811209,dcalicchio
13819200,steffihuschner
1382412,olivercollins
13828406,emmamcn
13836286,sbhaiji
13836959,dunn_daniel
13848493,maximgladines
13857850,mannaei
138648789,aikatangent
1387421,jasonctyau
138745098,lalalalatifa
1387931,stavruler
13879473,miraicegurlz
13885514,jdr7
13887273,heykathrefrain
138936291,impactgroupdt
13905136,naromkram
13909892,jgobunting
13911775,alexmtmorgan
13919230,enzomartinelli
139207,catturner
139286433,ezhar_ehsan
13935531,alone_198
139378787,aliashehab_
1395075,brucecat
1395107,sylviesturrock
1395342,scottyrobson
1395345,aggelos_taplatz
13972713,rage06
1397831,eepaul
13985052,buruhina
13985405,ghadahalbassam
13988664,asackthot
13992308,charlotteaustin
14001604,lyubomirov
14002084,bradmcmoon
14010604,antoniopratas
14011590,robert_ruben
14018125,chezdanilo
14022909,rafaelconceicao
14031657,cattenari
14034284,karolysz
14037874,andreiaj73
14043627,jjaapdirks
140452490,actorkylejames
140486999,what_the_bilal
140505693,albertsnagals
14051306,catbaba
140533198,brianventh
140603635,alshatti260
14062849,jelvesie
140668747,stacewright
14078893,spooky_jase
1409745,kraitosography
14101267,clothoid
141059998,esseemason
14118071,nana_mfzb
141199809,edtv0
14125533,amabbad
1414909,renslieman
14150167,iheartbrookev
14153327,q8_spy
14154041,hadeel_w
14155512,urbanswank
141653,deannewby
141791898,jmr72
141813,briteyungfings
14186679,barcenaslabrech
1418674,antonua
14192151,anuharchu
14193581,real_ate
14198114,everhooder
141998,jonoh
1419981,chrismcclelland
14205863,rust_kireev
142188,stevenarcher
1422474,gorin_msk
14227895,aliilondon
14228843,harpa1
142576135,lucastage
142674856,sharpe1dave
14274800,nihobe
14285231,mlle_danajose
142895,pbarone
14298881,myfaradiana
14318140,fabersbush
143540,catspyjamasnz
1436242,martin_jordan
1436602,martynsibley
143739232,a97_z
1446622,stevestillalive
144776948,jenstirrup
145027,danelton
1450350,the_alan
1450665,dgelici
145070152,andrebalg
145178394,gamzeercuman
14534717,universal__evil
1453784,mooley
1454555,wallaka
145465311,honkytonk84
14553197,savascizmeci
1455919,nilanp
1456468,mrg48
145658,albertboersma
14567402,usabin
14580417,yassport
146011225,goutaste
146036,larsen161
146084,mountaindan
146176904,anolatl
146270,fsoalheiro
146420478,burger_craft
1464933,alexodam
14650798,bojankaric
14658882,vla_chenko
1465953,hinyan
14662185,claroalhusainan
14662950,mateusmaps
14665620,laurelfreyja
1466876,theholodeck
146722,funkeybrewster
146888783,zeczec_com
14702323,tryggvie
14735285,lorena__f
14745640,anacarlagyn
14749131,joeytweets
14759995,helenslondon
14767548,therockblog
147701605,fahadalhidose
147716,smplkd
147799,damoncollins
1478458,markwing
1478964,danfellows
14799253,katvassilaki
1481217,leila_spin
1483955,gmantxo
14843217,fealebenpae
1484451,miss_morell
148446,sky_rocket
1484561,contactmcr
14855089,phpc1984
1485762,sharon_joseph
14862297,nikkibabo
14872741,elenlang
1488039,marcusbatey
148857,gabrielvaraljay
14900649,fathboylu
149024,cryptarcadian
14920632,shaunarmstrong
14928776,paulrobertlloyd
14937509,elsielam
14942309,fernandocysne
14971626,anthoneez
14977915,jmikola
149816893,reemthegiver
149859560,sojen10
14999959,stubak
150017808,memgn
150133,twowheelgeek
1501631,ulfilias
150194,buddaboy
1501976,marinapx
15030843,glynnn
15039014,mullanurovaidar
1504288,deadlyknitshade
15044277,scharlau
15051309,travellingdays
1506477,turtleqiu
15067224,shmo53zey
15068393,eplicanic
15070761,ggiesemann
15084023,_syriana_
15089534,ewenz
150927,lucabelletti
15099993,dodmichaela
15137,imyke
15160987,nongyaozhuxi
15164168,kermitklein
15176057,matveeva63
15197538,marnitako
1523260,lucas42
15239536,liz_sharma
15279007,reineog
15286,caverill
15287250,takidori
15323668,miss_kikibaby
15325966,nnesk
15326244,chevybabes
15341030,emilysevenoaks
1534402,an0key
1534570,garry_c
15347560,keizgoesboom
153525,leoprieto
15358270,annatricity
15363599,djraydomingo
153720996,eli_skewes
15393233,julesj85
15405187,bryoniecarolan
15420956,lunitashonan
15422636,joseotavio
154255993,alterdiego__
1542767,jeremywaite
15468026,gp_raffo
15490669,iamthenusra
15494166,humaid_1
1549804,hugomcpinto
1553020,martaponari
15537321,boroheli
155381,alexharvey
155399,vincenthaywood
1554746,serviceplease20
15548449,bbazukun123
15552341,rubiasroy
15552671,ricktinti
15555807,flaviomatani
15579506,stephonsimpson
15581149,manofthecastle
15585094,jonngalea
15601231,despitecolor
15603151,layal_kj
15613251,ferranvalls
15616730,richardcarman
15626945,100daysofsun
15633857,mashupweb
1563745,gthornton101
15678799,mrvalentini
15683048,geofftech
15692361,mellowemza
15701021,scottwitt
157042541,90elapache
1570881,serral
15712465,levchea
15716944,mikedicks
15741127,sabsta
15746148,ralphwhosman
15765531,ellacumber
15774440,anikounicorn
15810801,uschneppe
15831569,chrisbeach
15832781,marcmatt10
15861684,idimkadev
1587956,elimcbridge
1588352,arcphotographic
15889193,simonw
1589547,danmagner
1590191,s24su
15903694,cultivora
159155,crazydani
15918195,somewa7id
159261921,tititmeen
1592825,sebwhite
159307,yonghwee
15965141,_srom
15973697,marcoocruz
15986430,abhinpatel
15992428,arudisuhli
15994278,laurawheelers
16014455,ukjrinda
16027222,mno444
16028269,emreakkulah
1602864,_annel
160304,fabiennehb
1603788,lesanto
1603796,xachariah
16046928,skylon27
16053217,yataman
16067020,jpazvdo
1606876,craigmacdld
16069024,ohh_la_la
16075142,yevgeniya_
1608680,rodgerdareswins
16089075,vcapozzoli
16092440,kitkakbrar
161031,passy
161099,alanjay
161100982,tommyp_87_
161145,cemster
16126727,turbotastical
1613049,peterfriese
16134472,idetestyellow
161586,haynes_dave
16176429,seelan1
16187134,soozlillend
1618794,welshmike
16199563,marymtii
162049,markuskobler
1620937,radezim
16210253,fercabh
162245731,alibinyousef
16226178,mohammed_kalban
16253625,bnt_alsna3es
162628031,__m2
16262932,colettesiri
16270141,chekezie
16280136,goyobueno
1628883,chawiporn
16295179,jonbstrong
163063301,basom85
16306493,amandaga16
16319390,sasbags
1632305,kdi_
16334045,jonicacho
1634215,kevinpsiu
16346240,lukemorton
1635964,rizale
16364056,msharialghadier
16364704,vincejaco
1638323,aengeln
1638411,mrstephenwest
16385389,pan_markopoulos
163948,macomber
1640438,thechicgeekbiz
16408478,eyecandytay
16411899,commeuncamion
1643319,chillyjames
1644529,aidamunoz
1644559,drudysseus
16448299,ghadahahmed2014
16465970,tom_petrie
16467254,jeremykjtan
164686918,misterpassport
164821,jasonparis
164878,cordjam
1650057,tomrpi
1651623,jenniferrose501
165202,nigel_hewson
16521038,victorherrera_
1652379,johncaswell
165375015,louiseorgan
16537656,ajamoxgirl
1654495,bialikover
16557271,mccondorelli
16577200,danielwilde1
16579529,abonher
16580370,dieswaytoofast
1659230,anandaporto
16607462,thevaishali
16612046,n_j_anderson
166136,gywst
1661864,proudspark
16629655,isalara
1663442,kevglobal
16636162,inaffectmode1
16639706,rahtella
1664834,introvertedone
16657886,LBS
16658121,neilsayer1
166797150,thecyberswami
16688492,brewhouseuk
16710539,charlotteahenry
16721044,adria_cm86
16725363,that_girl_ray
16737918,nickolaijames
16748732,arpashl
16758968,fm_yang
167758251,edmarjunioor
167835,femmaashraf
16790589,daveaou
167910947,ghadrax
1681721,dansorrel
16819195,adamrylandhall
16828877,aalsubaie_93
16832595,petrinchumby
1684122,shannonspaniol
16842492,marktikky
16847475,julianoadv
1685212,thedutch81
1686442,simon1287
16868426,sebastian316
1686904,alessani
16881126,peterpansexual
16891873,jeniachina
1690869,visualvictor
1691556,e_trude
1691796,riccardoe
169335,tuminds
16936591,im_becka
16960598,h_c
16961149,alisonmunnelly
1698810,pedrolamas
16996594,iamaleferrara
17028922,lennyknecht
17044273,daveyricherson
1704537,rafeca
17053923,everyalmost
17061770,lukedirago
17099559,withoutnations
17104122,peterhahnbe
17112161,kristipoquette
17118190,herereadthis
1711991,mikesrilapa
17121028,xyinle
17131435,pkoutsoglou
1714123,magda_wrzeszcz
1714460,bowenp
17153352,lottite
171538,matthope_
1715870,ibsu
17185502,aziz_xoxo
17192245,zentgrafs
1719838,setimami
171991951,aquiyahorapi
1720209,ben_martin_
1720331,lagommeuse
17204489,alistairmarsden
17207584,vipodcasting
1722603,sofee_
1722766,marcussweeney2
17233971,amareshray
1724335,joolster
17253602,iamkitwilliams
1726200,hardij
17263549,hpitler
1728842,willowz
17295606,capoglou
173031557,joolzofsalopia
17311026,aisharezeiq
17316884,alitasyapan
17328403,bastistassic
17343244,maxshelley
17348297,alemu2
1735515,jonball
17372404,snowpup
1738390,djksaunders
17404838,angelaselya
17405083,iriverey
17424134,therealhakdaddy
1742540,john_peacock_uk
174334,ade_brown
1743549,ninjaying
1744414,barryhoney
174489707,ni_mo1028
17453661,onezerohero
1746133,quentin_bdx
1749311,paulwright74
17511228,abellavida
17513,jonkean
175249384,playoldgames75
1754914,ben___nasser
17555738,thorius
1758483,momolito
175849,simonmccann
17600717,homenjor
1760978,sm00p
17614142,jundai
17631818,albe89
1763848,richardcostigan
176547,katmandelstein
1765702,kran_ns
17681689,wwdseb
17727938,janavonoehsen
17748372,moodi66
17765292,missdr4
17766039,happy_dove
17777524,manchego_photo
17810336,uhyohyo_
178208,jwillie
17825108,petem
17834276,topikito
1783468,jonmhill
17836127,g_filareti
178449,voelker
17849503,al_harbash
17849729,madhousepeppers
1786519,joseairosa
17917010,sultan_batawi
17918112,ibanderzz
17921382,dunjalazic
17922487,hafakaric
179321,robwagpdx
179440,andrewagomez
17947751,sonabanjo
17963430,dicky_lewis
1797230,marceloadr7
17982820,ianjmorton
1799886,otnomis
1800124,pmcclory
180042,nan
18016567,lenawoo
18022802,rachelledereu
18043912,caseyrutland
18046412,nickmurray1
18053864,misskateness
18057961,luckieinc
18078516,maricarmenluque
1808252,larryluk
18083318,laurenceadams_
18086171,istvanok
18086830,femre92
180941,twanderingeater
18105514,leerender
1811031,foggathorpe
18119583,trackertower
1812141,pd_pokerking
18124727,jashaiji
18127117,andreamagri3
18138424,borjadedomingo
181483,wootang01
18154174,arthegarn
181696,gerjomarty
18170309,rockitriyad
18174332,quangton
181918,isabellkinga
1819478,thelukelee
1821207,sidneybarra
18215,justonwestern
18220579,sir_pretender
182376,sprungtastic
182385,kimptoc
18248329,incikocabay
18258810,brenthenze
18264254,pelma75
18272632,ticiana84
18273350,joefran6
18284923,n1ckstrat
182999,geoffdossor
18303705,notta_benna
1830674,candyhernandez
18308025,bormee7
18308128,lparogers
18310471,xavier_rudolph
1833884,stefanjanssens
18354255,nickomatthews
1835516,dr_black
18365497,vikultsev
1837574,cleverjet
18383772,neilspice
1838887,kevcorti
18392582,chrystelcx
18406278,aishaalyaseen
1843501,hansworldtravls
18437087,bbesquire
18445638,yelda_turan
18458966,bibillicious
18460860,mrs_haririfatma
18461474,stonojnr
18462788,_leighbarnes
18492591,bearbones85
1850316,lilianeosborne
18524306,bruh_kts
1853273,saintvictoria
18544370,brettypetrelli
18563952,mahal_kita_
185686,beezahgee
18598785,manasinio
18602939,richardpriceuk
18619979,missfog
18629701,nazeersuliman
18644877,ozlemzng
18666213,miss_hana86
1869867,mshgolightly
18699445,louiscastles
1870706,afshop
1871688,kelseyg
18718555,cristinavant
18743957,calaverarandall
18753215,amedeofelix
1876073,lrattazzi
18764823,alo_web
1876709,andersr900
1877615,joshchi
18779955,ale_gherman
18794,mikeyil
18794544,fabioiorio
1880626,benpopps
1882604,beardy_mikej
1883272,fatlittlebuddha
18833763,matthewrudy
18834526,garyshark
18834913,atisartemjevs
1883611,waleikcaj
18867439,belikovadaria
18868519,zgwarzo
18871881,kaankarabiyik
1891877,silviamovellan
1892303,sevostyanov
18925868,yosoymarisol
18929089,giuseppesollo
18931888,puzzlert
18933233,cheffo21
18934174,ipinvestor
1894591,sigge20
1895322,juliogarriga
1895422,valeriyvan
18963314,derell_nar
1897485,watfordgap
1900392,dennisj2109
190083,derrickc82
1900943,t2blimited
190105218,kryptic_kryptos
19015801,upperwsman
190163,myjq
19032582,techeytim
1905062,jdean007
19053997,vasasi
19056,wiredforsound23
190705,simpsdj
1908387,andreamitchell
19096,tinahui
1910460,nighto
191056,dayvie
1911622,thenewpsies
19117317,shimdashjim
191212,djemiliot
191220,gherebia
1913519,srflanagan
1917468,peterdroberts
19178502,aijaaija
19178987,sielay
191792673,thechef_music
19186753,prakashpp
19189645,damedivadan
19190355,alliefe
19197423,clozamora
1921327,burgesg
192264,thebiggayal
19226784,wheresnigel
19234394,killthatclown
19238468,keyyt
19239599,pacomann
19246525,mexraul
19247742,brecalifano
19269522,tohnperfect
19277719,olgacharisi
19281365,ekimdogus
192819,beanstump
19298919,cjsg108
1930325,thaisn
19309001,rosizzat
19316,bndo
19327638,frankgaviria
19341849,vlrprbttst
19366595,marcodanzi1
193882,kikukoloko
19398196,dannythe405
1940876,kevan
19418181,dnblines
19426027,avantsweater
1943494,carl_franklin
19444572,dmargoi
19466050,vvanmildert
19469142,miss_khirsina
194715,claudiobravo
1948074,moosenshoes
1948928,josephfreeman
19498097,iamevanschris
19512551,marisa_c
1951935,sezginsaltik
195376,manuelgruber
1955409,tobycane
195558,jen14221
1956226,paulbevan
195657,howard_scott
19570035,tanduarte
1957605,mtownsendw
19578677,jaeshiika
19624086,rolaaaaaaa
19642410,suzanne_vc
1964685,nicolopittoni
19648483,spccwgurl
19666094,chek_ah92
19679524,red_4life
19684100,pedrowelch
19694357,evelindu
19702045,88andre
197357,babytip
1974141,brandilukas
19753886,rubostars
19763503,redesparatorpes
19776965,itsliana
1979927,shawnchin
19819118,aespadas
1982250,trufflepr
1982476,ezzye
19835015,jvfotoo
19836223,wickopedia
198474,ipedrazas
1987663,davidebigoni
198828,i_am_tre
19888746,paolaenergya
19907562,hollyjeffries
19913179,craigyboi
19913882,mmermell
19954961,mariabarysheva
199617,thesegoto11
1997431,akhl08
1998639,ayalacan
19996027,kerouactm
20001968,coffeeandheelss
20002776,pilsec
20005693,ale4kajoy
20008840,lucilelb
200251,lukeb3000
200253,itsdice
20031894,alejandrolrp
20041253,oneiamfor
200496,boynton
200810,jillian
20095258,jamesgoodltd
201284,keelarobison
20132195,weaverluke
2013584,idrisolanrewaju
20138948,su4ssis
20156766,wheelieuk
20160034,chefkatelyn
20177365,alexmhandu
2020240,ladyvader_
20205096,mackr0
20211232,mikeyr27
2021586,davidecassenti
202245,hasanbasusta
202274,jaredweseman
20246068,nessie2001
20291083,calvinfornia
203131,courtneykayd
20336059,giulio_ferragut
20343550,drbreis
20347045,re4ctiv
20355129,willwhitedc
20366030,chiarapiatti
20380354,williamastbury
203865,jubx2
20391647,miamitwist
20392374,7e9oona
20393222,abibown
20416815,abaaade64
20432781,secilbalkac
20439455,sddicle
20467650,imagohumanis
204692,jamesrosenyc
2047032,jcyhoho
20476614,tmek1971
20508732,gamzeguneri
20513141,so_80s
20520123,sosnitsky_titul
2052335,tiny_seed
20536224,mar_shy31
20538481,baby_phat_ash
20558110,sblgozuyukari
205681,dotbart
20593720,mitterpottles
20608836,songultk
206451,chaffro
20648729,yulia_sv
20655371,wollytavolazzi
20659884,connorkilroy
20660915,itsbuddhablaze
206644,bradat
20665291,louiearien
20679874,juliaherself
20681163,brouchou
20685314,jp_alexander
20691,schnarf78
2070585,andybolton
20748231,rsey
207601738,giziikoc
207820,ukv1290
20782095,edh_b
20790122,polinagn
207922,andrelmar
20801750,nouf_j
2081656,andreibrad
208234,mark_neely
208276154,sausruqo
20842485,p_khat
20848276,chist0n
20851388,harrysirius
2086465,fkrikhaar
208852,ivinay
208865,anshuman
20887717,leusee
20895178,a_lost_irishman
2089780,caroline55
2089832,m_pritchy
20913482,e_feoktistov
2091561,lotterliebe
20925315,wenetworkgroup
20929484,boss_ladee_jla
20944536,lbx22
20960460,veraescuadro
20982933,iamgeorgia7
21012877,al_shalhoub
21025490,changingfields
2103186,jenuine_1
2103371,_fichtre
2103753,paladella
210388,iamkellys
21040049,sianybanks
210635,vaughanevans
21091,karmarocks
21094345,antoniakmoore
2110085,amikewatson
21107569,tfchan
211267,dejgaard
21133753,keven_0
21144367,shuaa83
21145023,aboutnothingldn
21162534,alkresy
211929,lowrobb
21207849,calmtravel
21212418,peterm86
21219780,patrimadrid
2124042,lankydan
21259308,thecuriosity
212607,mattrosser
212644,down8
21264672,danah_alyamani
21265452,daigairiste
212658,josef
21273933,forannajuliero
2127883,richard_neale
2128793,thebranka
21301956,nonmaruko
2132525,koivudesign
2135579,brunapacheco
21362016,stevecavalcanti
213686,sachab
21369024,mega_nawara
21369958,andresmej
21370285,marcisbee
2137146,rstockm
21386645,wydcq
21389,haahr
213900,richlay
21400439,alfredormz
214181,alangurling
21422731,byvoid
21423071,palmoswince
21423127,vasilakosp
21433512,spirosk81
2144465,wzhanzw
21449851,nanaabdulkarim
21461417,tanpbarros
21466222,edukisser
21491551,jvstinivs
21502191,gxeee
21509886,semeykin
21511728,subysinem
21521166,chrismevans
21521742,80gam_pl
2152463,nickrh14
21547570,georgeandsara
21564315,michelleoueilhe
21587668,mcunningham61
21612672,mel_kate_mullin
21627121,3zulus1vuvu
21638588,zsolthummel
21646207,michalpila1
216515,shafiur
21666189,elisatimo1
2167314,stylusboy
2167386,sweeneydon
21679346,astro_lad
21679636,jmquiblat
21680258,miloaarnoutse
2168798,dannyquah
21688720,rickyhardy
21696722,karen_chalon
21699377,daniel4ml
2171422,geech23
21757957,mellodyferraz
21763352,paw4awhile
217679,ravimohanv
2177156,bombuslucorum
2177870,liloman_lufc
2179945,ianmcboyle
21809462,gynaji
21816150,amcscarvalho
21855064,majesticwine
21870752,morrisalex
21886448,michellekfcosta
219138,alley_
2191464,pouchatron
21921079,lorenaie
21922920,the_imalov
21931300,marcesampa
21935235,garethbayard
2194035,wiegimania
2194423,taylorlorenz
21954920,cdr_peter
21956359,_imazen
21960002,safaaydin
2196110,nickbracko
21961604,merciless526
21967444,naz_madani
21978050,tiffyleeee
21990729,ciliegiotta
21991466,juliaerial
220128,alexhorre
220130,reesmf
22029523,matteo1004
22036705,rcheesley
22050454,alexandrimao
220564,iamroberto
220584,jaettipussi
220625421,welshcauldron
22079996,weddingsmashers
220927,crowleyj
220951,paulie_pocket
2210,keeftronics
22106873,jamesedie
2210886,paulcoxhill
22111687,neel_mistry
22112055,skillfoso
2212413,paul_lindsell
22128893,goldie_vienna
22139082,the_arnster
2216373,drandrew
221649726,dayanavramova
22165553,demhimmelsofern
22173995,_apoorv
22175639,thisshitissolon
221780,jvetrau
2219565,marcostulio
22196725,camillaveronica
22238665,nicolasperignon
22246668,johnsdixon
22248981,dancatox
22301259,v3nnyg
2231868,asuria
2232253,tonygirling
2235164,maxmousee
223699,jimdowling
2237146,etondigital
22377264,itsmsjosephine
22389057,sapfirov16
2241931,mikaaffandy
224210,lafra
22433337,susiezhuang
22441,ronaldtreur
224552,finnstr
22474268,rawanabusalman
2251766,athinanelwan
2254051,andrewferrier
22543685,dreamky1
225549,plosiv
2255652,gusvagyok
22582954,14zz4
22583953,abdullahharon
22597365,jennlondono
226094,girlie_mac
22610479,mistersmalluk
22625972,felipeazborges
22641,track45right
226463,azinash
22655854,whoosh13
2267079,malcolmwa
22686679,yarazeitoun
22732680,lucrezia_610
2273856,stockycub1973
227761,davecampbell
227833,justimorris
22813726,ikburada
228241,mrpgallagher
2283422,palinetes
22862227,cocoy_39
22866240,alessia_camera
22874991,cateredbyjustin
2288014,553t187uct41
22886631,derickr
2289187,xavipenades
2289226,brnwriter
2289849,chrisbelseyemc
2290336,airn_airn
22904344,orochidase
22926463,tunpip1607
22937722,meisewolverines
22959100,taraja_or_tj
2296840,theotherjc513
2296905,andrewjshirley
229814,tompetty100
2298240,gemmablezard
22984528,jtheredofficial
229943,gwolf
2299930,jonemmins
23026260,twntysmthngldn
23028000,mauriziog3
23031751,dieterdhoker
23042277,zepasj
23043169,lorenaloriato
23057019,ishowaier
23062854,raulnf
2306786,seleneyong
230761,optikfluffel
2310158,ninelli
23102138,sn4kes
23109563,drmabula
2313621,j0k
2314182,clivemulligan
23151085,tucumano_london
2315725,garry_thomas
23175986,aburakov
23179839,jacquesviljoen
23187078,an1mz
23212284,lildelsa
23214762,naktinis
2321570,robertbilloni
23219253,mollyangelica
232320,_nat
23250325,the_danny_black
23254488,shatterpoint
23288368,tatasoli
23320445,my_zion
23327749,battlethealiens
23337662,evandrohc71
2337354,mrmorris86
23390979,joemcburnie
234074,gusoto
23407632,guanabanalondon
23408793,talal_ibrahim
234121,yelena_
23427891,olgapopovych_89
23446520,giudittad
23471100,marisapiedade
23471638,markytudor
2347176,bencatchpole
23484052,robi_619
23488549,volodinadarya
2349138,nrauni
23493298,__o_v_o__
2349744,simonjgrey
2349942,gasiino
23503595,jhowze
23506840,yjy88
2351216,wholeworldtrip
235151,thetonyblank
2352661,braposo
23527847,sarajevvo
235517,missjavelynn
235626,svenwagener
235642,pabloolmeda
235710,kenok
2357883,lydia__yang
2357954,picnicathedisco
2360278,plavalash
23607577,kita_pro24
23622973,grossgrrl
23648359,bo3alwa44
23656990,samanthakeo
2365797,littleli1985
23659533,xenjke
23671087,breadnbuttered
23689964,nic_matringe
2370620,jacksparrow87
23715589,ghirardelli
23716148,mihkeljaatma
23725921,purdymcr
23735500,irinaranalli
23736530,asoumtii
23736859,mirickrompiric
2375968,phenome
23786214,tiwkar
23795433,infromatiker
23817892,rflbarroso
23845403,draugven
238465,argen
23860551,hoekmanstef
23870411,hannests
2388,gadgetboy
23884243,jaymclaughlin_
23918389,ferranjr
2393933,gift_as_present
23962724,davimcdavison
23990063,gifreitag
24009679,dinabona
24011975,thejadedqueen
24016184,loscfigs
24016247,kshakei
2405292,nicolashonnorat
240571,shay_i_am
24096054,zuzrosi
24102211,detupperman
24106120,sphiechan
241064,sykim81
24111723,yanielaling
2411255,big_fat_dan
2411281,lacrimachristi
24115393,eylemzenginn
24131217,eflagat
2414792,chriskekeke
24154576,juniortidus
2415887,strategic_fox
241906,sheen86
24214713,mba4success
24214798,gorka_ad
24255473,pilli_stratta
2425631,lazzulite
2425925,yvobojkov
24261311,cathysburger
24267601,niocom
24288777,blackblueandred
24308221,shahovskaya
24309635,bilooky
24313742,niffybranco
2431672,paoletta_p
24340290,joechin13
24340384,hsnyrnli
24351158,mark_davoren
24353095,imfiendish
24386693,moogleyb
24392630,hamhlif
24410835,harryadu
2441376,tarbaz
24417408,maraverse
2441974,sul_man
24422,natts
24431004,gromashkin
2443470,robertthomsen
2444725,james_hamlin
2445757,rafagradin
24468696,q8_majed
24470491,pelinccky
24472229,ahmedbakrmba
24494787,alexitsou
24523711,oriol_miquel
24526319,buitenbas
24534584,medinjonas
245457,cdutson
24549265,fahadmm
24583670,annayurenkova
246245,koomerang
2462466,beratyardimci
2462488,mugglmenzel
2463070,tykang
24670102,octaviobastos
246748,alexrbn
246749,drwormau
24677128,mehrn00sh
2467871,colinbrown09
24679737,friccibaldini
24681608,asaz1
24686552,marciopierossi
2469487,mrsupersonic
24696561,fandangos
246972,brigidhaywood
24715100,clownkong
24737509,bestphotos1962
24745386,alexandro_james
247473,parraguezr
24771667,hughkdavid
2478850,sandysband
24800285,arrimann
24811703,scott1984_fp
24815789,rudeboyflex
24834163,david_iorio
24841730,smorgasbord
24857704,dana_mckeon
24860244,balyukolesia
24862871,mironova_ana
2486689,jonathan_denby
24873000,juancampon
24874764,abdulaziz_ghali
2487857,jrennison
2488719,sergemofficial
24892624,komunist_star
24946461,rafaeltmelendez
24952115,suilenfong
24978316,mexicanhussar
24981412,berkaysit
2498188,justbe74
24989,ursulabarzey
24990965,danielswallace1
250071,ladyodyne
25011793,concertman
2502648,peter__foster
2502740,craiginmotion
25028965,pistonio
25029411,greghudson
25030107,dliepa
2503031,burovgleb
25034304,agentbacon
2504325,deiamartiny
25053222,rubenmargarita
25054704,maritapena
2506756,cosmicgirlie
25104463,badean2001beth
2510473,nicknackellah
25111646,mc_digga
251257,dmc1982nice
2512603,danaron
25130603,mikko_arevuo
251350,marcooth
25139459,marosenbez
25144027,rmlfvr
2515098,ptibcsi
2515701,voncrow
25176551,natanel_p
25179644,kropotovaanna
25181187,graz906
2518383,wisdors
25194464,savoirthere
25207419,a_almass
2521542,chubby_charlton
25219407,serabakinci
25231293,lovenlightprod
25257189,esra_tepe
25281533,wahkeen1
25298887,realoverdose
253057,r1990297
25323847,backpackerjam
25327507,sara_sgm
2532789,ghostontoast
25330866,danielgjokjeski
253310,felixdv
25341264,grey_sergeant
253539,zoahms
2535948,travmonkey
25382160,fulldeneryilmaz
2540600,davehodg
25409639,acheoradacheora
254150,mickstevens
25416609,martin_stolz
254375,rusdaddy
25471504,stevemeiklejohn
25481084,leinir
255044,estebansaiz
2551357,ange1pie
25523105,rou12
25526,macfarbt
25528502,marsh931
25558463,ohmyalexandra
2558542,sgurses
25597940,dying_sphynx
25600333,gizzellda
25603660,deadcattt
25607292,netotona
256121,lewisnyman
25618496,ilsedenuwelaere
25632307,justinesolomons
25640822,orianamsh
25643016,rainierting
25657094,aaw207
25658274,sasti4
25666324,enriqueguadiz
25673728,lmbdrs
25680101,he_dejesus
256867,mikaeldorian
25690389,jmpxxi
25691165,belisariogronda
2570729,davebambam
2573150,jeanpims
257327,kellygoh
25735,patti_armstrong
2573967,2heeyeon
2574190,gnixon88
2574452,robstarobsta
25765401,samhangtran
25811797,reangil
2581634,atahualpa
25819706,simoviavital
25823521,senay_karasu
25824208,deimos_24
25860577,jamonerd81
258805,agnes2001
258866,dmacfarland
25899206,mikestaines
25899613,bean_security
25903268,hollydarling
25932379,jnrjnr
2593334,schst
25939541,losertamang
25945762,thetravelst
25948081,haziqaiman
25956108,yasserraies
25957378,geordiehorsey
259619,asahis
25966354,krittstweets
259778,holyberg
25983787,fffabulous
2599314,poldo76
2601324,punfild
26021,imf
26026713,zgubi
26050763,poljaw
260736,reynaldocanlas
26091995,luararipe
2610058,hashnotadam
26101316,mercument1
26103053,karljavellana
26107195,colly500
2614688,theurbanwitch
261486,yaeda
26157054,iamjesca
2616129,001_cassandra
26169973,cominlux
261798,imagico75
2619305,daniel_ley
2619654,lennon81
26239,clbaldwin
26251642,fradefra
26303126,davs8
26303191,tomisocial
2631483,moraysouter
26320751,suffersurfer
2632741,barnitka
2633275,maccath
2633679,sirmitchie
2635121,yojulito
26363539,medovaiy
263681,calvinly
26374020,cassswallow
26392440,sujitadas1234
2639728,teresa_v
26398314,noumenalrealm
26409,fradice
26417977,kchaputi
26425278,anshultiwari
2643281,madirmustaffa
26434681,jindersidhu
26434682,thesunpilots
26441609,tokyoesque
26458433,mostons
2646104,mrpc
26473234,electra_fire
26483732,kskrck
26488276,vlanin70
26504766,thatgeoffchap
26506089,simonpbarlow
26506117,philipshiba
26507629,djbemi
26516233,xanaxs
26526392,robinwford
26534713,seniath
2655374,noelclarke
26570469,mssalice_
26570750,friendofsnoopy
2657874,scubashotz
26608065,yeece
266313,tkudos
26638330,ceydaanil
2664180,londonmatt
2664759,toa_ya
26647978,alessandrapple
2665146,jonathangaiger
26667673,aduranro
266713,geeceeree
266868,2squareimage
2668964,roymustang86
267115,erivonk
26713538,cory_face
26727722,mrsellacott
2673605,oscar_ray
26756800,kevraph
2677250,haedaryahya
267733,lolitaloco
26776341,davidrnaylor
26783634,guillaumepellan
26785576,meton10
26792399,masharozhko
2679596,franmontanaro
26802383,lucylock84
2680466,kilotwo
2682190,efl_guy
26827218,gregdelanglade
26844861,elenabelyaeva84
26851869,marcverweij
26853144,bkoellmann
26858445,silviasirotich
26891367,speed__merchant
26894695,nima
26914659,tzailer
269252,kckiwigirl
26927670,peterhaban
2693101,richchestmat
2693197,iamjandis
2693604,organ_grinder1
26937017,hollyhager1
26950874,caffeinedreamer
26952966,alfa_fox
26953102,nuriamcnas
2695556,zoliqa
26957184,jom69
26990425,pancho_gomita
2700616,jjduran
27010062,muffin_says
27024563,aivisavuks
27027966,simmo1981
27039984,ioanna_mav
27046724,cigdemsmall
2704755,fanpeiyi
27054122,paolopolce
27054311,7ani_h
2706899,soniax2014
2707246,hallannie
27084401,nesihslmn
27117161,diegodhooge
2713758,hughflouch
27144374,begoon
2714656,taraplayfair
27148995,ronnyramplin
27163375,stdavidshotels
27184654,dirojolu
27195532,yesimmal
27197256,dminaeva
27211477,dark_and_knife
272245,courtody
27225431,n4cho84
2723718,adribarburi
27237524,i_gar
27252886,janelucken
2726679,jamieqpr
2729696,melkhateeb
2729825,sukhysukhy
27313084,_brunomoreno
2732524,i4harold
27336240,lecoques
27341736,snap_chad
27349979,chetzb
273590,gemma_simmons
273640,heloukee
27375939,theguardian__
273809,sandth
2739890,davidmxcanada
27406946,gibbroy
27420494,maatin
2742938,flosoft
2743451,simonstorvik
2744292,mad_orange_ua
2744331,bennycrime
27476101,zayanii
27477381,mamboserr
27483879,dj_willieg
274849,bhopmans
27486898,helenvictory
27509174,whoisderekdash
27515936,halhakami
2753154,brittanyclayton
275394,ringostarr
27540315,paulusribeirus
27543599,kellylcornwell
27557339,pavelshamanov
27560841,dianaciriolo
27565565,kplattret
27567546,ilias_maragkos
2757067,staleydavid
2757774,maxschwoelk
2757891,mike_ww
276046,fscottwoods
27607901,tinepostuvan
27617222,gallego1968
27624061,tiagofbz
276244,miss_jordi
2762500,andrewphall
2762638,j_g_seki
27659153,sunadorer
276716,chrislowthorpe
27684,chrisglass
27685691,georgenahlis
27695611,andyluvv
27701295,wimlabs
27724198,kivicaipirinha
27728758,allan_xu
27730062,supperrobert
27732122,esgoingout
27739071,heaven_andy
27763835,krishnannishu
2777214,roxp
27793921,sungo_m
27797170,3nounalj
27799428,jansapper
2780215,stevelowy
2780373,zboralski
278102,upshiftdigital
27819821,thesoltrain
27822306,michiisan
27826354,emrouge
27828832,wallacemendoza
27888382,oskarwild8
2789441,rolandsquire
27895247,francesca_it
27916182,vozchikova
27919117,mini_nell
2792634,luciebartlett
27930814,chibi_cris
2793655,isponsor
279373,abigailrosanne
279393,shalikesyou
27954594,alexhbates
279924,itst
279978,soft_tempo_rec
2800683,joshuami11er
2803394,lewistullett
28039975,greystew
28072787,stevedapizza
28077,polexa
280802,gunnen28
28098083,kimberleygrey
28100293,stacciaburatta
28106851,alexianc
281211,vonsangertron
28136742,b_vilsone
2813769,alejohidalgo
28166958,matths
28185954,leighcurrill
28196160,dzi_san
282134,jongold
2822144,cra5hed
28240826,diegopillon
2824246,andrewszabo
2825459,localben
28254692,anutko
28260800,eve_star_light
282827,stuartblue
28295430,tobschcom
28306730,ghaidaalshalan
2830876,erickhc
2830899,kartikeh
28347348,rjkatthofer
28352902,djlordofficial
28354766,jack7hardy
283597,benhalllondon
28361916,tomicamilan
28382437,emirhanhut
2838379,kaewworalan
28389080,billytsou
28395618,rogert1969
2840387,richfoto
28404192,mgulec97
28424604,4ervonyj
2844160,alitonet
28449655,deadsezar
28452492,fcuk_yeah
2845383,meanderingwoods
28457756,richie1984
2847155,davidoswald
28503145,yqho
2850806,tomarhawk
28520578,tombeck1
28574854,martinw11
28580966,bartnowak79
28603279,erenozturk81
2861129,chocoballs
28619364,neijayah
28624741,lewisbryan
28666802,renaud_besnard
28673143,ludmilaaraujo
28675210,brooklands722
286809,jcbouvier
28696668,ajukrosestt
28697048,adb4sq
2869832,fpaulus
2872123,safarazali
28757085,eye_ame
2876565,toddavanalstyne
287794,alanboughen
28804188,k_a_pozdnyakov
288146,leotong
28818984,brandontorres
28824186,markturnertsuk
28825721,iamsoffwilliams
28831941,milbul
28836716,lighthais
28863192,olyadubova
28872383,myheartitspeaks
28876263,carlottavasoli
28888489,robycau
289007,chadlatz
2890212,techtto
28930511,casseano
28936012,adrubens
28938561,sangel277
28959601,pomonis
2896423,lexy1968
2896891,theroxyblaise
28972771,angelinakyaw
28997928,atifc786
2900260,badfalcon
29003731,cdlcreative
29007429,jacksmiff
29008084,sanjay_me23
29010384,al_butcher
29019051,ulfnil
29024473,ramaojacques
2902919,karen2410
29042864,lotionspotions
29046267,nicholasquirke
29046392,rykas
29072822,fare_s
2910166,letipotter
29108058,andrewchampion
29144031,irene_iglesias
2914706,takski
2916203,msbeautysoul
29177758,angel_baay
29184795,originalbhav
2922050,richardddelaney
29245094,mattbartender
29278897,oatfedgoat
292830,ketoshi
29312407,cbminldn
29324090,criscmaia
29335161,mrloudtrousers
29345303,hermanbuzz
2934574,trulsbaerg
29350685,markdavidlamb
293565,m_a_forster
29378931,ja_60163
29397898,nefodontist
29432875,gurupandit
29436656,kolabello
29443079,anewmeeee
29453562,zippyhawkes
29460857,londonse16
2947019,wagnerfalci
29481817,darren_gough
2951387,vineshc
29516075,ouzbaikal
295296,alexcorradi
29531880,summafest
2953755,intrigator
2955013,fluteshooter
29570078,ericprouvot
29594723,rikafiorentina
29602255,andymatthews
2960354,sergicuadrado
29621656,bent_innit
29629454,garyhomewood
29633009,mavrosjr
29636829,bodwiid
2963809,dani_valdivia
2963839,hshamo_q8
2963956,cjjharries
29640415,aysoholic
2965823,tquila_jiri
29699412,paticalamaro
2970604,sangoams77
29710105,damayanti_p
29715904,srakamotyka
297268,lewishamdreamer
29729571,mckoy_aguinaldo
2973037,jourik
2974519,nick_solares
2975603,3xrien
29781192,mattrhodes
29781520,carsa
29789493,accazevedo
29806495,kaankemaneler
29812989,rojasvega
29820439,jarzabowo
29836,mattgierhart
29846660,geraintjohnes
298593,nvunge
29880954,keaton_s
29908700,erenmehmett
29911915,jbibi1982
29915825,anamspiridon
2991869,parmiss
2992669,bromptonista
2997999,hello_emily
2999108,crooksbadlooks
299925,vcasambros
29997348,kriipmadafaka
300224,blumarten
30028957,alrruda
3004355,inesjp
30058532,nikolayzadoya
30058588,mrkangrejo
30068798,noellerodriguez
30080806,maccosa
30083240,xandetwit
30127337,russ_ldn
30217612,annie_alpha
30223323,darrenwoolridge
30246018,ihalilozkartal
30260773,walerin12
30319997,aomer133
303205,rossbrannigan
30325731,nearsbigsister
30327987,mkrupnic
30354464,merve_akcay
30377930,corchall
30381667,polsifter
30401138,scullydoubts
3040445,emmbaldini
30410259,cezartabac
30415150,timgooderham
30466489,lamphane
30472537,meera404
30473483,merry__p
30486668,uhahhyeah
3052240,paumgartten
30525855,kennethpkchan
305404,marianolatorre
30541564,connietham
30554929,vladimirsmagin
30558145,eddieleggett
3056895,metiel
30585271,standbychef
305921,offdutybilll
30612257,larissabaq
30619542,rusyar
3061958,akacreatives
3062504,cowsaymoouk
30629707,fantasiosa20
306642,steve_munson
30667002,nastasjias
30721041,whereismyquiz
307233,furkanakbayrak
30741006,nickpaulin7
30745905,kkosullivan147
30757811,omarbc_5
30770072,everydaysomewhe
30823143,sh4d00w
30836,jcarlo
3085545,anafl416
308587,jimeh
30871037,awasha89
3087256,redpaul101
30883055,corradoburato
30901003,abuzobar_
30934433,alf_inge
30938943,ievdokdm
30939765,piotrdab_
3094977,ryanrademann
30951696,johnloveskylie
31015718,jygdn
31028588,katyaowu
3105722,antonpower00
31074132,excelsiorrp_aa
31078529,pietrogaliazzo
310905,sydney
31119816,dewigriffiths
3113467,timur_erhan
31143187,rehanhollingsw1
3118625,samdredge
31196122,freeteza
31201920,yetkili_bir_abi
31210027,zimuldinova
31211324,leahw304
31230095,bxq
31244728,sanjabeslin
31272256,anirbed
31306603,jabariholder
31314653,mirta_minniti
3133639,panoz4ever
3135057,dontcallmeegg
3135486,ianmh
31388,eamonncarey
31391577,vishmili
3141,smartksmart
3144816,alenazonoff
3144974,kitfriend
31470558,capntortoise
31478523,mayatintin
31480022,isabellepeace
3148365,wisejohann
3148444,gingerdj
3148892,bflattweets
31489064,iamandybarnard
31490937,hrgore
31499615,ashrafwood
31501595,ahmed_alhashemi
3151594,cvvh
315328,fredchannel
3154728,vvvit
31551301,cancermeme
31638135,alajmi_fahad_m
31650204,daviesapm
31700,razzzmatazzz
31706343,samproctormusic
31714480,mldhunter
3173166,lizziesanderson
31736239,mkpete1
31745,darrenux
3174905,stevedorisday
31812754,adlibtraveller
3183899,waynelynne
31858,croftsedge
31901833,sashaas
319059,cleasr
31944800,didpoy
31949254,erinjoharris
3195211,gashspit
3195996,justin_sw1
319636,loversinengland
31964235,tayf_
32016579,stephpb
3203588,_rikaiyongs
32043940,michelefanucci
32058820,_mazaf
32064885,orientsteve
320653,trev1881
32099,digitaldion
321188,iamiq
3213256,londramia
32135741,apdiz
321397,claularalopez
32178644,avolosenko
3223610,matthew_hepburn
32252172,b4rk13
3226567,drisk
32345120,kazakh
3235052,psychdragon
32360653,stevegimbroll
32387049,oliviermoch
3239153,gabsbuzz
32395010,olgazero
32404527,deniz_ulker
3242565,roselladegori
32428993,babylon_london
32438668,cadircioglu_efe
32447569,vl_borouhhin
32448483,dytaylinyilmaz
3246951,georgeryanuk
32486254,burnsfro
325016,david_bonilla
3251692,izamryan
3253770,adaneabroad
32547199,wittser
325512,palmeralan
325541,marcussundgren
32554137,lgonnella1
32555274,josue_cid
32572636,keljm84
32631400,valerio_gentile
3264937,fbenavides1967
32659214,ruthvakrat
32677,sanaz928
32693030,stefancordiner
32695195,yagmafigueira
32732393,dasha_suraeva
32762150,holytshirt
32763109,bado3
3276518,lenalerolland
32766360,nataliabogomaz
32794036,will_drewett
32799375,djamolofficial
3283007,jjschonhoff
3283046,ewjeanc
32843218,tripleseis
32860251,martinuetz
32862279,mattbutler07
32899592,uruniquelywired
32935081,zimmro
32941835,otpor
3294416,nonusual
32960591,davidhosey
32962,r_c
32967894,marlanapoket
3297939,krizzz
33033170,gem_oakes
33057464,moddolo
33072748,dletorey
33095432,davutonderakbas
3311547,grouchyfla
33120608,byronhamburgers
33147551,jayd_lawrence
3316163,antoniuspeye
331782,keith1974
3321094,montywanty
33212672,klingodj
3322896,imy
33232252,justcallmeorsi
33236,jlopezvalcarcel
332584,pietrobezza
3326390,roarers
33279608,dr_sl6an
33336414,therorycowlam
33350603,mattboothman
33353717,mechiel1969
3336216,what_fran_said
3339727,chrisisk
33398194,marcelilada
33432850,alfonsospinell
3345075,stealthclubldn
33451291,_dyquem
33477273,robierap
334828204,fidelity_lily
334859,sansharma
335324040,londowl
335612,ptaracido
33562869,uurcrt
3356970,lizforster9
3357084,conal_
3363156,_tonymanero_
33640780,mamuttii
33648631,merethans
33651392,caiolivio
336624,ledzec
33691961,mr_pixelr
33696713,sabrinarosedall
33704792,cassierobinson
337049231,binmashhour
33721049,explorerglobal
337353,digitalmem
33843954,clandie
3387258,farrellcsun
33885933,sevgiyetgin
33900,balanceagent
339015406,chichibugou
33914676,ideorhythmic
33924408,medbukey
33927074,slowpokesam
3392947,minyahil
33935452,chiba1aw
3393816,bluegod
3395260,edypiro
3396077,ilanbass
339623,thariqahmad
3398493,3skool
33998531,seansta196
340129,sascha_p
34032,burnflare
34038,benrmatthews
34078038,shaheenali5
340840,gemmatball
34096072,mintsugar
3411197,jackthebooner
3415122,apobiak
3416434,wry_toast
34166007,michelaballini
3416848,jaychin
34205256,vdiwakar_com
34207152,abdulaziz_85
3422969,sledgey007
34231948,_7452729419911
3423830,christarius
3425503,jesusarturo
34258672,ceballoscarola
3427125,martijnk
34294679,franzkam
34314555,camerabolt
34320063,ugooh
34320317,julpol
343248891,_graciewalker_
3433592,fitry7
34360138,vnssb
34361249,home_coco
34388897,marcusandr3
34441323,julievhs
344584,comselfz
3447320,samantha_tse
34497643,kendrataxi
34503307,elpidakov
3451401,lasp
345359866,priscilla0188
34540788,goldfrappmania
3456058,nafallo
3456075,jameslaneme
34568596,darkangeljorgus
34593324,cynanclucas
346004,ismailmayat
346063,danitoo
3461382,fanboy1979
34617715,santinna
3461842,gammondsl2
34671006,simonesantoba
34680646,kateykng
34698357,_puffl_
3470506,zia_fede
3473082,edusanz
3474640,muzmcmillan
3476193,pumpkinspiced
3476489,ejsharkey
3477769,mlymehta
3478504,rachsahni
348243,phillipsc
3484330,matt_mcgowan
3494323,heyjinie
3494468,davel_x
34979224,squaremilecity
34994053,jadeleecampbell
34995822,quentinnield
3501366,musictravelsweb
35029,marcdubach
350617163,kingo0ali8
35094790,besraenez
35098715,macobalart
35111266,valeryisaeva
3511552,sharonmatheson
35131354,ianwelles
351620,mayog
35171930,benlebn
35173707,megcalow
35179435,welta87
35206055,makedaqos
35212385,vikyyyy
352302,rowlandwright
352448,briankolb
3530084,nmezu
35315766,john_sanz
35316579,buildadapt
3533036,fabiocatapano
3534254,livesharetravel
35376931,kihlmedia
3538189,cgbumby
35383482,kiki_boi
3539581,ali_malik
35400897,stephanieflooks
354013821,veganzey
354142,anessava
35416945,3th3n3
35429590,yvanaaaa
35447397,aliekremcelik
35450612,_zuz
354543158,carnivalfr
35459139,jp_clare
35470952,shanietx
35470978,muceesk
35474790,theaka
35505509,craftivists
35511841,zhanna_tuulas
35518404,eziomrlifestyle
3552140,memorymachinez
3552647,lrsbll
35556,hamlesh
3557910,claregillbanks
35625473,ingridziiinha
35636379,jakubbusek
3563931,a_scheiner
35651849,majedbadghaish
35693780,ainslieross
35693850,kwamstweets
3570189,isaac_llopis
35728253,shahloshka
357296,tatianalando
35737108,cemsadikoglu
35758511,jeremyrsmith85
35760677,thedonijones
3576847,sccuban
358052502,kabligh
35831809,glenbmor
35861986,hari_simo
35894380,yanaizaicik
35911831,dianajefimova
35915175,farahdinasour
3591641,adamcohenrose
3593533,mickyvickie
3602037,fred75003
36022646,gabri_lo_castro
360305,golfyball
36032877,lbi7737
36138756,jesslynnrose
36145622,ayka1910
36146603,akalinburak
36170834,oneinemillian
36210118,maria_galkina
3622228,cerenocal
3622722,richiesoft
36236695,yalcinsaydan
36253134,a_talberg
36264961,cdedreuille
3627564,sdalkin
36309414,mazza_mcleod
3631607,sarikhumaiyes
36327967,beeci
36337225,twit_yann
363444,gp25
36380695,nanscombe
3641659,mistcrafter
36429761,leland729
36495732,pautorresban
36506260,hongming_li
36507049,loic_1811
36556951,shahabdulwahid
3655917,_julianx
36575094,grantdashwood
3659445,themiurgo
36614730,visivody
3661777,sportmassagemcr
36623976,skizlin
366284,lluisgarcia
36630138,mari_lenna91
3663437,eli_epstein
36655,littlejulie
3665519,noise_jam
36679864,saifullah_kun
3668748,welshnomad1
36707484,mardixon
36716124,gilles_manem
367772,doliveira75
3691795,amber_lee_rose
3692050,jasmc_
36943184,pyjones
36947244,span_dango
36950706,sarahdali_
36982116,micia1173
37043397,helga_the_magna
37046477,whiteoykb
370525,abn2003
37055627,ceylanyazici
37070571,johnkingsc3
370811,goran
37106771,wivern_co_uk
37147507,simonalveranga
3718657,annakmac1
37200009,taragh
37215775,cizzi88
3721605,chandontweets
37238773,lizzieduong
372605,igrowbrands
37275081,conandoy_le
37282667,sarettaria
37290429,akaliliazmi
37319006,orehovka
37384142,ro_lamarquesa
37387907,lushnikov_al
374185,alt_first
37429396,maverickaizer
374476,kali187
37472134,_beauty_doctor
37532278,lorenhargreaves
37541643,miss_wigan
375587240,wildwizard77
37583103,nstami
37584075,halaraies
3759099,idahussin
3759836,brunotigani
3760452,karmamb
3760846,burnziii
37617885,enmkaya
37629300,demuln
376370,clarkalastair
37652983,campedro
37657912,vcdave97
3767489,brianewsu
37728724,yogashirley
377593485,alexanderjones_
3775950,ayeffen
37768300,aysenur_arslnlp
37794189,jeweeeejewel
37801695,zahraabehbehani
37820,shreenath
37834589,tongtongmd
37857819,mary_rinai
37886346,wmuilenburg
37902329,griwret
37915754,ekmekcioglu
37925049,blancomarcos
37931368,hshiau
37952078,trashid
37953296,pickandmitch
37963018,rynbtmn
37971932,jalada
3797299,elenapetrelli
38039286,loliveb
380467,jocelynlt
38059142,muniraqazi
38071652,manolotoledo
38087866,declantalbert
38097920,nemongwu
38099231,londondear
38121,goldstein
381666,jonchoo
38211482,saalene
38224295,helenium
38236819,arielsm87
382409,miqueri
38242876,sge_gonzo
3825223,whataboutzana
383776,philipbock
3838094,tomalexandrem
38389398,gabijus
383927,jeanjacquesranu
38398606,ryancordwell
384037998,fbjarsh
3840728,gtaracido
384295,julesmo
38440148,lails_sn
3846085,victorhugoavila
38462200,halfords_uk
3847058,frankhan
385555,alexoli
385703182,noor_b97
3859039,richardafrazier
38592507,alimaru89
3860592,danila2
3862,kiasuchick
38636175,frankiestyn
386543,joleary1985
38662259,djdegiorgio
3866933,williampkim
38680649,aylinalinaa
38745583,the_cheeksterx
38771701,xsaudi_dreamerx
38772432,lewallentin
3881897,gl_wonder
38819103,balykoff
38828308,frtklnc_fk
38853892,doxsnt
388594,blighternet
38869083,1970sboy
38870226,kitoates
38878871,alexbrookey
38911432,annadahlstrom
38939090,enbielefeld
3894103,adz200
38964812,_mickychaela
389828,credizian
38994938,mikee_green
3900022,steve_townley
39005,drjohnhawkins
3900608,martyalitna
39018958,davanelli
39024,shylands
39032647,dadederk
39033,dwalters
39042534,reshmivadakel
3904797,hippofede
3905346,sionithomas
39070814,mariejrm
39075249,ramonnavarro
39088252,dee_lailai
3908995,mariellam
3909224,heinkuenen
39211767,nasseralahmadi
392228,spellamina
39241160,senelersin
392442,thereflector
39270358,dutchie04
392713,steve_murg
39275233,petree34_uk
3928060,maas_music
393270,batfink2001
3933470,maurorotelli
39346,maurice
39352646,theshiatsuguy
39371410,in4maniac
39373186,ftabastot
394052,stevewilde
39472324,furkantg_
39476843,eventsjb
3948724,matheuspaiva
39498492,fariscs
39502585,nancyonthemove
3950324,portia_rose
3951401,danielvmn
395154716,kishichu
3954594,szymongutkowski
39568790,mskonfa1990
39577719,audiotaku
39612163,tony_shorrock
3963225,renepower
396882,canandemiray
3969027,camillamaryrose
39690919,alyakulkova
397042,twilliams81
3971697,sorapova
3972163,paul_ark
39722006,leesonsteve
397232,charliecampbell
397271,benbowler
39732293,laurahknight
39734124,urzu_
39739504,shutimano
397559,cpkelsey
39765358,esmadilek
3976554,jimharley
39765777,reginaldo_costa
39793815,deee646
39803221,juanckysky
39813768,gilberto_cocchi
3984697,lukeb0nd
3987252,zukoe
3987447,danthorpe
39893071,jnorov
39901502,wmluqman95
39902,steoreilly
3992717,michaelehowe
39939481,cansukurtaran
39944869,louehharreh
3994791,dvdr76
3995545,gemark1605
39969139,camillait
4000202,elsasaid
4001858,carlolisa
4006463,erdemuysal
40112140,joshua_mohan
4020602,johannasundgren
4022810,lambo22222
40243233,johelletapper
402644349,alexcaine29
4028253,ahsanrazauk
4028716,lynn_townley
40331438,larettadm
40375154,aikoluvcats
40393341,rooooonei
40436444,hamodi_alkhamis
40439,weave
40441477,Eurostar
4045706,jujuutje
40465264,mery_fr
4047921,giorgiomottola
40486751,daniel_murphy1
40493049,laureenjoyn
40500882,themarcdataro
40548219,dharmesh_rajput
405539,jimhaysom
40561365,joannaayrepr
40578284,arntru
40583,limc
40626963,lombfr
40632948,seane1234
4065959,gustavofrisoli
40674281,judgedewie
40677290,zekinhas100
4068674,geneticgenesis
4069134,valennntine
40706544,twitsultan
4075584,yelenamaseri
40757815,joeing
40765815,hkeskin5526
40847709,umutkrc
4088138,yingkaren
40882122,annahargreaves1
40942398,vinilondon
40951504,hassbayjou
4095942,zaetta
4097188,fanisstamou
4097191,liuyujack
410033,4ndy1982
41005620,thegohemian
41015687,kennyyamaga
41023934,zaferergul
41029740,charmina27
4103370,rifkiamil
41037079,beaguillo
41041047,rebeccabusiness
41052523,theshenerd
41054530,mincho1133
41089704,theclaimsdesk
411179,henweb
41131697,travel_rich
41176840,busey9
41199231,seydacecn
41215409,duygudost
4123349,davidahickey
4124137,eoghanhayes
41313759,b_lw
41336236,allrightn0w
41360191,habzhabz
413703,noomild
41377971,gsatlanis
41405945,haroldsacks
414177,gbrkhlm
4144721,huzaifah83
41451877,fromteemu
414670738,tayyarrri
4148859,chocolatewalks
41489017,brnunl
41514130,jamaledwards
41514255,abdullah_r7
4152484,razvandemian
415359,srwilliam
415370971,gamzeakpn
41559622,berniberni99
41565250,__irenette__
415679,lebinh_x
41592274,tsuiren
41601675,larsepudding
41618854,fadahjassem
4163084,andrewpmckenzie
4164654,chicklife
41664500,pjgathergood
416651,helloannastark
417591,nemorenok
41771425,trueiviotives
41793562,bunne_journee
4179987,robotfrom1984
418277,ntseries
41828145,aureliedesaqui
41829550,elflakkiri
41829804,yadeesh89
4184520,lordluton
4184795,nikolayb
41852743,djjohnnyrizla
418742,itsdanprice
41887167,oznehirnejmiye
418878,cyro
419072,koksal
41933122,zachtstockwell
4194937,roadwolfo
419907,alyssaeindc
41995938,costashapiro
4209771,cityguysnl
4210934,thisisxavier
4211215,rossmcgill
4212457,jencaine82
42127409,jbwillihunter
42144058,sinanunlu1
42161722,mcgauchegy
42212,spottedbylocals
422190,isaacbonyuet
4225941,kokorosama
42261973,rishimadlani
42265,emilyhomer1
423073,stelly68
42320815,marylithi
42323,togfl
4233760,fidelitykastrow
42358885,grandwizz
42396216,garreaudavid
42417893,palsfightnight
4243706,staerosaurus
424396,rharbottle
42443709,williamperugini
42451717,nesvenus
4245731,tellymark
42477372,loisirena
4251161,tim_archery
42515154,lamaaj1
42523723,menikhil
42535257,iamwal
4257646,chris_capot
42583842,pbuccini
426313576,miitcchhel
42640568,jessgon24
42644757,socialvader
4266157,martin_mosler
42708825,hiyylondon
42742222,veesayaporn
42753038,sun_joestar
42777770,samuel_whiskers
427789,phil_the_saint
4279472,motlaq
42795707,grey_winged
428002,cferroni
4283283,eliizzyv
42839588,windalu17
428688,joewalton
4287329,goda_tiden
428750482,3laweqasem
42893205,luluskt_
4289469,djbrentnicholls
4290025,pdtcharles
4291022,p0ach
4291209,andrewb_63
4293388,alceos
429376,megoizzy
4295799,ifapel
42963137,cdmenozzi
429896,mrandya
43088334,isa2189
43104664,loanalice
4313150,mrtre3e
43131842,oliverisatwit
4315055,colinmac7
4315161,sergeyly
43160772,dalalalobeikan
431730,mrlnhrrs
43199724,dimitar_hr
43207865,ryan_mcg
43223828,jaumecreus
43247346,mllecapu
43260844,marcogomesr
432643,jasonpittock
43281731,trevorbailey61
43283085,rhyslewis_bim
43341210,mert_seyhan
43358486,evgshamshura
4336099,ranieri10
43374330,rushons
43389949,sezginmehtap
4341550,cozzolino74
434221,natario
4342734,rebeccahg
43451173,phillipnovember
4345492,missamandachen
4347212,d1v1d
434809,derrall
4350,r_a_dennis
43531130,shivgadhia
4354035,elerocca
435452,mwillefors
4356010,janylima
4356084,rutven
43562542,tomq_ldn
4358114,lordmoore
43594683,deryaahoneyy
43601566,ylliricon
4361874,lassla
43683949,mrtimcartertim
43687454,jj_7t3
43694233,crypt3d
43705314,roignazia
43737296,raphntwit
43783041,ampersandpr
437831723,alamoudi_n18
437970,keymistress
4379757,atav_
438125,ahjjharris
43822585,juanjocbc
43841410,kharriau
4385537,cikjojo
43860759,juliogarciacaz
439037781,kelvin_yli
43909961,londonzeynel
43914729,alunbrown1985
43921722,rachmaninope
43927512,carrielynl
4395563,timjonesy
43969648,byonbookarts
44024700,nikolaslondon
4402764,usavjanioo7
44051787,alisatruluf
44062633,lajeje13
440639,jessiginfox
441097,sbiele
44110963,tweetstobi
4412117,monicams
4412152,age0matic
4413378,fabiopetz
4413912,imkeithlmoore
441588727,rounie77
44171212,princess_cryz
441956408,tylerdconroy
4422388,petrakoestinger
4422491,george_mat
44240386,drdjharrington
4424112,ulysses4ever
44247040,ollie_duff
44253966,dafydddil
44264205,vadymvolkov
44288793,fluminammie
4433266,steviewhitehead
44466156,marketerry
444696,bugsyburrows
4450931,guygardner
4450966,margzzz
4451450,tegogo
4452141,colleenacooper
44533642,althani89
445531,danielrisi
44559249,mario_loureiro
44594179,engperalta
44595597,ozbkc
4462471,brokenlovesong
446348886,fawaz10501
44661207,firthy374
4466310,simonman222
4467428,ckorakas
44681885,krashkrunal
4468931,frozenfiress
44702299,eugeneminogue
4473934,em_two
447706323,ediseasier
44785062,asifchoudry
44802299,nilaykrgc
44822589,andreashadj
44843691,shelbel9664
44845924,thankuelfano
44856563,jaurne
44861512,andrewpcbarratt
4490211,arkanoid_k7
44927814,merceuk
44953750,paulee1721
44969374,monpokorna
449891,mavegyver
44989994,littlevampwitch
44991185,shai5haalmann3i
450002216,dhabyaniz
45004805,mrtdmr58
45010809,harkcenk
45015820,jtmartelli
4503364,kiimbtw
45056045,fabienneformsma
45068368,tanvirhamid1982
45087520,e_snow_e
45088673,demushkyna
45103301,suellendc
45119986,inoloman
45165047,bit_burgers
45195005,ysiachyn
452036,petersergeant
4521174,lindenitzan
45220062,jacebee
45227696,andrewlodder
45242286,srogachev
452567,johnnyjadams
4530164,loosewires
4531778,polina_melamed
45319809,brunomnardi
453444,fasaii
4538805,miguew
45389102,gabrielcbe
45417109,semiot
4543008,thomashiller
454399223,karlcheeseaji
45509268,rashed_007
45516190,peterparkorr
4551766,lewypoststopath
4552596,jefflen
45528095,mbmaljarallah
45536470,dsim1
45547038,princess_aa
45570163,vesnaplanko
45602257,gintainaa
45604294,butcombebitter
45642248,raawanak
4565210,stokkie20
45730261,piskunovaa
45734168,teenclapnina
45774961,bgcollector
45774990,rlipus
45777711,nikola_dh
45781617,vwgti888
4579167,megadonna
45792254,xxeriick
45803408,sylvia_hsiao
45810097,dri374
45810678,ldnshindiggery
45825203,sonia81pt
4582975,mzplus
4585081,esperleon
4585121,liviasworld
458542,vinodpillai
45858812,aurore1402
4588382,quintossential
458968,godwyns
45898365,_amaani
45951708,_abukhaled
459627,joemusser
46039446,pattiguimaraes
46053074,tabbers1975
4605606,tohultd
46072105,windspirit_
460744,nedpoulter
460884,janguyen
46092486,chiaram_87
46106992,johnlowe
46111912,techjez
4612306,al_x4o
46125447,edakir
46126307,carlacoxrocks
46160750,erikds
46173036,shoghinee
46206769,vvsoh
46209579,pelinunal16
4625961,mathewtweet
46269351,biekedeprez
46280681,kiddyheart
46306558,budsjr
4631715,holasoyvlad
463273,mrmattbrown
4632832,eattweetlondon
46343689,dalkranbuse
46390956,frangs84
46392696,machadohillary
4641903,flangalicious
46419168,saratov_elena
46432,bnb
46444280,yuu_tah
4645200,angusmclachlan
46462790,marionvitto
46463026,be_rasp
4647221,cat4r4tta
46491054,me_haku
4649736,socialquirk
4655040,oohsoolovely1
4655714,alvaroluiscruz
465743833,presidentebcc
4658281,panzerbjrn
46601700,sebastiantotte
46611446,danielalegotta
46624352,behnnaazz
4667438,m_almajdeli
46706,eyebee
4671347,eurokeith
467166,cameradave
46735752,vinodji
46737641,cwkprivatehire
46754259,candyjopro
46784583,yesil1deniz
467892,lidia
4680338,masdemg
46837251,oliviaalicex
468410,kozumel
468413,labellebero
468493,firestarter_dla
468707,mothmun
46883745,janmanas
4689220,m_reguart
469002,fleurterhorst
46915560,everythingis0kk
46926930,fathergreen
46941040,funky_child
469509,lisandramaioli
46960033,iwillrawr
4696802,senkwon
46990,betty_kaplan
4699592,logramnai
47001531,nzldlmn
4700866,shattione
47027552,fseymak
47054772,chenjingxian
47095799,namiyokota
47109098,maharanitheq
47152038,misspembers
4716843,bmag64
47170795,mathieu_nico
47173280,ifaune
47202995,holleyalex
4720593,martasolep
47214949,theturboturtle
472613,marcpjw
472747545,chattingmedia
47296082,benrossington
47327427,radu_chio
4735660,alexlawrence
4739856,yasmin_
4740758,eyalro
47421309,arhyur_sfdc
47428769,xangelinerx
474481,nicofars
4744824,micheldibella
47455688,tardym
47463478,_lillil_
47464290,isabellearaujo_
47482770,ss_jubilee
47485018,bfe_live
4757397,diegojimenez
4758268,respros
4758842,noorudeen
476338,ironlionryan
47644366,juanclos88
47644577,xandswe
47680583,chriscough
47689546,generaleyewear
477274,taraevans
477611,dibdabdebi
47772591,joanasofz
47785756,xjaziex
4779427,njholley
47795257,dorrinp
478,mgsiegler
4780603,eugene_fu
4782198,mprikazchikova
47827970,hotstufftag
47845416,ghaddo0
478520787,mattjbones
4787050,stewartpedler
47881354,ltrigkas
4788159,weekesy
4788163,nathanphicks
47894587,andrea_snunes
4791413,truskowski
4793307,lukedawam
47965283,douglascelente
4796600,khaledskainy
48006648,sldgul
4800733,hmiguelsousa
4800815,kajsa_blom
4802046,gailcleaver
4802545,arlinmaharani
48139221,reemaleissa
481407,attentoit
4819091,cyper64
481918989,frah_alsh
482164,cvdbogaert
48222929,ivanpaguni
48236479,errayn17
4825786,evboes
48265425,glcnbysry
48270368,raquel_pallas
48296235,arashkiani
4831660,sebgirel
4833418,marcbuiks
48334416,marinafuser
48335068,morselucie
48345524,strunar
48365133,rach_midd
48380247,misslparsons
48403027,luxchictravel
4840637,seanyg
48423873,sydnzm
484365,potiferus
48441766,rickyfang14
4850764,njh
48513287,yannicknoir
48518240,ardi4u
48525,xstex
48578957,indefiniteadven
48603302,theprincepessa
4861677,sbarnea
4862911,melissaaamomo
4863033,anands_rao
48636297,uktravelroom
486561,sonickev
4866222,toetoe
48663293,clairegarcia
487269,xekc
48785752,oximets
48795,phocks
4884081,m24instudio
4885722,christopherufin
4886567,philishmilis4
48876995,princeq8184
489061,wazza_g
4892920,natalieribeiro
48940619,warhurc
4894760,gordonmckinlay
489506,woodrowhill
489593,talnavarro
4899689,kary_me_away
49034658,mrsmarketuk
49059751,saadsaud
490634,_jeffstewart
49079694,sebzone
4908913,tinejane
4909206,jpullinen
4909710,osamaalassiry
4909863,rafaelarcillo
49108309,joepundek
49112807,atyiat
49157128,kaatsie
49247408,exzombie
4924835,anton_halkouski
49253343,albaker_am
49264512,ms_gbemi02
49276569,timbotimber
4927768,mairacw
49286542,burcinozercolak
4931318,ceruleoben
4934405,riproaringalex
49351140,andyvan
49366326,yugvins
4938536,maugir7
49411732,jonathansebire
4943176,carinadesire
49459635,richilcheng
49463023,itchingpixels
49499280,digital_dj_rage
4950818,olivermagro
49551596,turistaprof
49601728,ottoorlandi
4962583,matt512
4963528,pfgerard
49656152,natemaingard
496691,jonnylonny
49704826,naurismaculskis
49722528,julietjaaa
49752161,officialwhores
49753245,rstw1975
49771550,jmahilo
4977442,travelbeer
49804215,ms_arg
4981415,cm4233
4982269,samfeds
49890984,marusya_malaya
499143,mikemooredo
49966423,maisondeco11
4997437,xalmajedix
49999943,bichencho
50078749,michaeladeniya
5008596,puchikonana
501035,mikkosi
501245,salopsparky
50136087,suziedwards
50184983,frameblast
5019287,adamprocter
50195124,cherylgtweets
50202529,kristinajantti
50243141,thomcowell
502654,amandazdias
50317759,denmoden
5033162,kaifan5
50332957,akc1970
50337025,veravandoninck
50356347,paddypolidis
5036155,rvernalha
5037237,pabarannikov
5040367,guillemliarte
50408096,erginerant
50425214,3bdalla_alk3bi
50428768,armend_vogue
504462,jiminyoo
50512017,nycpatt
505286,tristan_
50547887,justmargey
505953,alexanderse10
5060328,farina_stgt
506259,ncorreia
50626168,belmasc
5063541,elysc
50711678,bobodg
50720957,yvettesoler
50722724,kartikey1
5076111,laylabsit
50777287,ricard_pujol
50787468,philthegreek84
50840757,ekannur
50842431,afirmin
508468,adamfield83
5089945,mark_lunney
5091567,stephenjgraham
5091725,iameurope
50918637,gtx1962
50927810,alexandrecuriel
5093470,incoe
50947346,auysal4
5095969,irun4a
509618,gillianhenry
5096603,ankurb
5097603,fmcantero
5097966,mcrs84mlg
510021,technokitten
5100772,jugerardo
51037420,alex_shuga
510432,leesean
5105085,unicorn690
5107175,excrutive
510844,enricdurany
51086320,luluonfire
511121,tariqi
51145126,mrwneedham
51183,trumper
51200776,alexandergash
5120201,elondres_com
512764,shobande
51280295,troopdelaloop
5130667,alineaarruda
5131181,agaharat
513242,mjcav
51345405,britt_vn
51349920,mike_tnt
51354916,manjacques
5135527,barryslounge
51355636,lolipandora
51365999,samanthaneoh
51366278,nickdc1987
51378863,cityslicker_me
5139559,nathalyzinhah
514482,gregbodenlos
51450978,paolosan82
51456378,liam_lcurran1
5148628,dy_o
51506222,roberteklund74
51524570,nuriaurcelay
51543999,roy_marcandre
5154645,azzaimanuar
51559066,josuenada
51572520,theawesomemort
51587501,torathena
51594700,ayaguef
5163,joanikin
516316,derekfordphoto
51647892,hkaed
516655,kevinrainford
516697,jocnjr
5168622,pedrostephano
517102,mr_pj
51723827,filsmoo
51733950,yusufavucga
5173901,ireeheen
51758033,nahlabk
51763138,mortenschmidt
5177202,elchicaro
5179191,shlomiko
51814500,andres_m
518158,matthewpateman
51815913,katherinemma
51881219,acpilot320
5189324,rayrayuk
5191858,bielisbak
51966967,czar_abram
519944,malmiller
520368,shahneerav
52099916,hancs_i
52100182,weirdbeerguysc
52100540,properpishposh
5211578,funkyjudge
521297,craiglegrice
52132314,will_gui
5213255,adrianoforlando
5213646,tjns
52142390,mariekristeen
5219381,jamessalt
52194100,sebostman
52229656,simonnash1980
522333,bazitov
522471,koneywhite
52273457,tomascueto89
52284346,jonnyc808
5230299,rferreira_
5231490,portenalondon
5232522,rogeriopecci
52357976,3_nacha
52421696,benjamin_sanya
52424641,alixcasanova
52428431,vega_10
52449775,serkancesurr35
52482311,sharefaaj
52504235,brainlove
52568494,fowlaaa
52600102,joshclare
526088,simonfeilder
5274859,afrooba
527584,jixor
52763852,nat_081211
52785692,ttugcem
52794696,rucheswright
528268,lucadefelice
528468,yannickheywang
5286186,axenhorn
528752,rhuey46
5288747,zugelek
5289826,trubers
52922106,tvkorolev
52932039,ziyakalkavan
53003444,fedpelleriti
53004908,_andygrover
53005238,pennyatanthea
5302887,neul71
53059603,jeromezhou
53087982,stuffednstarved
5309865,yanovengomas
53144007,mashaelalsunid
531567,vishna
53204329,rjwestbrook
53206510,van_alli
5323989,msioufas
53251101,badhbhcatha
5327742,shirleycooney
5327870,mrwhisper
5328193,mirsuljan
53290735,keithw4594
53313453,peterkappus
5332689,jujucoelho
53378459,samcellis
53415565,ebru0ztoprak
5344793,lauraspence
5344802,bella_tuk
53468973,timur_o
5350276,erdemyurdanur
53517149,kifftonyacht
535283,hh
53542619,simone_ferrini
53549488,chris_nw6
53570151,sadiamaqsood
5360287,divz24
53607471,laucake
53639625,aka20p
53670914,ersellkatip
53689904,bottleshopdave
5369845,tableforone_pv
53714,kitkrash
53725810,saadalfarraj0
53766632,aerinagyei
53813999,rendywolf
5381506,mycognitive
5383389,oichef
5383697,thechris_harris
53858235,fielderhe
53875673,vako
5388708,bacramli
5388930,beswickl
53903458,kromm70
5393497,anaskssy
539474,lellis2k
539545,morleymouse
539582,deltaworld
53971916,saltank
53972563,shosho_heem
53981791,rashidkhan_6
5399807,michidago
5402833,alexnovicov
540325,jvictor7
5403766,lauratami
54045480,clinty_
54071531,shaymstorn
54083643,kelvinferreiras
5409049,martinhjortsoe
54144515,alessia11musc
54157858,i_sesio
5416505,tadd31
541807,stu73
54192493,renattor_
542030,v4ibhav
5421581,luboslagin
542185,signorponza
54280403,soulsocietyking
5428740,chas_hunter
5429906,kaaes
54310820,jckfrdplus44
5431276,grozadarius
54343570,maggiebruk
54349977,josesanchez1992
543575,gingerbitters
54396280,englishworldsgv
544032,mistersnappy
54427086,mathieu_mb
5443210,blogontheblock
54450032,jessicamatri
54453236,armagannarmann
54520286,jdrohrlach
54608930,mellyzarins
546098,sauliio
54627128,neilcarpenter
5463076,cbamber
54634285,signof80
54673358,pui_amthaipaper
5467568,dejaimor
547365,samuk
54745425,cebrat
547464,studio503
5475746,mpheywood
54778084,horvering
5485953,andarilho_mundo
54904259,loncletoma
5492886,deryatoprak
5496504,oohmercyme
54966597,andreaclealf
549704,nolwagen
5498950,tiago_ribeiro
5500677,kevinmercer88
550151,michaelambjorn
55027101,ali_ali_albishr
5509214,ceesvantwout
55100813,__pghi
551153,davemoran
551218,nickmhalliday
5514029,buabaa
551516,monkeyeason
5515757,melle_the
55168315,jpedroribeiro
55251972,feldmannews
5527411,mzmacca
552870,nborgis
5530953,mikibarradas
55310022,ihessah
55360721,saif18181
5536238,the_decoy
55388412,wifemamaartist
55411055,london55rus
5541700,hummi_th
55418811,vincerodriguez_
554201,jamesnorris
55430963,danaalhomoud
5544387,djgrill
5544574,renatoantunes
554639,mervyndinnen
5550595,stef_daydreamer
55550158,mohammed_29
55550186,_handspringer
555688,acitrano
55583879,ismaildzel
55585442,silvia_moggia
55586422,krdine
5559543,7ten
5560198,kostasbotonakis
5560491,rachelimo
55680852,realdebbieburns
5570795,mylittlemy
5572432,sergeyeremin
55819906,rudecats
55828845,francesca_barco
5591080,sofieoneil
55920368,unrealmaccoy
55964860,glser07
55967853,digitalout
55996602,andreanpardo
56008253,emelmmutlu
56064658,muna_ds
56113,ciaranr
561287,ryanlongstaff
5613469,diniutomo
561447,corpse_momi
56147072,scrambles12
56161727,j_bagels
56189,itcowboy
56213,tbush
56214,jukevox
56240,garretkeogh
56261724,pintadoguy
56273,jackbremer
56276,fdaniells
56284734,benk_50
56291,whatleydude
5630280,likemartini
56322,adrianhon
56338229,saracook21
56342,si
56362758,insertcoffee
5638044,h_al_mahmeed
56389,b33god
56390,edd_b
5639516,laurapalms
5640057,davebaxter69
56424658,thomasbschrader
5642593,marycjohnson
5643371,fedelodo
5644811,cwhara
56461,dunmorej
56470,rawedge
56479,jeremyet
56481,smcdoyle
56500,borrodell
565067,robertsione
56510,lloyddavis
565364,gdrayson
56613616,yesilbursaa
56630736,iletostar
5663403,colettemunnelly
56643,phae
56650,ralpharama
56671,scottm
56680783,shoquddusov
56680872,rory_svw
56689,yaili
56702,bash
5673828,arlen_v
56750378,londondigger
5675431,ltarrollado
56761927,filmsq
56767,psigrist
56782,bdpuk
56786065,suul6aan
5679060,ave2me
5681352,meowmeowcomel
56837,davechapman
56846,denny
56848,djstoney
5687361,olmezed
56873613,all_love2u
569181,captaindasya
569298,hiyakarl
56941,deathwarmedover
56951119,hasanul_hoque
569526,rhys4sq
5696006,librasnake
5697462,kazyasuda2
57008,howells
570479,simonbeckerman
570622,ardvark_returns
57075439,walidabdulwahb
57091826,sorenrags
57108,farhan
57131,robingrant
57144263,spikeheeladdict
57156,mikesten
571566,samengland
57163,simonuid
5716399,kaanerturk
57168,longshankse10
5722432,rudes2099
57227,insideldn2012
5726098,mpmhop
57316,evj
57343,simonbigpicture
57351759,fabiolasabina
573595,stefak
57393,stevekennedyuk
57393941,sochangry
5740950,endorfyn2
5741831,nogarlicnoonion
57441,stevebridger
57463342,buke_laker
5748193,sdfairweather
575176,gemstgem
57539138,annennielsen
575738,llima
57575405,iamnataliea
57606962,krikal
57616916,reealessa
576198,zazzanm
5763,rojoroach
5765222,sdfahey
57670452,sidnah
57672,marcroberts
57727,circusboy1
577458,marcusjroberts
57762489,dorotejadvorzak
57814688,chrisjcbarnett
57834625,micrv
57864466,simostark
57869460,dscorpio69
57879710,alexcropper
57882,londonlares
57887040,atoomtiti
57917,tim
57957098,laura95368
57968297,rokcafella
57981901,hak300
58000193,daleweedman
5800759,avermisha
5809647,emmy_wills
581252,aredturtle
581254,dlilin
581704,marul69
58211484,anabelacadetedi
58216,gilesphelps
5823680,bemarchante
58255,thearly
5831225,shelovesshoes
58323,photografter
58335323,talal1000
58338811,imogencox_
5840807,danielegrano
58409098,tareq__s
58431208,belushis
584646,linox3m
58481698,tin7778
5849511,fuchzhanne
58511,toco
585636,okwithmydecay
5859017,tarashannon
58607699,vdbrebs
5862420,marcustaver
5862874,invictamoto
58633883,hamad11
586807,cocktailcloistr
587318,davehamilton
58733556,athar_94
58739244,lukebond
58739633,fcwoking
58739911,madawibanders
58749,kim617
58769692,alanoudd90
58773549,yana_churikova
5883378,buildlaw_arttea
58860953,foot_trooper
58862046,ibnalexandre
5886396,misspunjabhi
58877461,me_nina
5895277,hello_van
58969,chrissomeone
58993660,cindym_o
589988,partymachines
59011560,kh_nuaimi
59019669,guvenyilmaz07
59057717,gregwrightart
59063063,ksm1071
5908508,carlaeid
59124,tomwebb
59124205,bohusseinq8
59134584,jvronquillo
59138117,ilikedevils
59164453,carmen_nuzzo
5918579,skywalkers53
59215,mattywhi
59231054,thelondonher
5924193,martajales
59262538,sari_mellafe
59266976,erencineli
5928502,jencarberna
593398,osse
5935631,rprimus
59390976,cecilialealrmz
59395,mobileslate
5939676,scottishsirenxx
59457477,pitchrs_events
5946408,edloh
59470300,jmilora
5947698,cadeopente
5951390,cynnibon
59514762,ucastellotti
59531929,crusty_crouton
5956829,ayufuzy
59580231,kozimozi
59581666,mcgooogles
59606,caseyrain
59610,talia
59629458,richter_carsten
59651,technicalfault
59670150,deemams89
596917,ridestation
59711825,latvianlights
59717728,_saraalmarshad
5974821,leonclowes
59781506,jellybeanbee
59787245,bskyvz
59803155,i_r_banker
5980426,rjasonjeffers
59843,cg__
5985793,sebastiansklr
59858811,olin_92
59888538,winesofbrasil
59915142,carolinelebar
59948401,abellafly
59973445,thy_cullen
60016867,ashisurs
6003089,tsunyuen
6004102,roigiano
601311,geetarchurchy
60172126,wigspecialities
60175315,marcr_77
601755,heyitsdexter
6017666,gofmanella
60208936,pinkpunk83
60236424,thotweet
602410,beazy415
60292579,reubenarmstrong
603239,richardlhobbs
6034748,ralvaradoacosta
6038450,add_sham
603972,lukegebb
60402222,dejdre
60411685,lifeofshayan
60426003,masvagas
6047579,aerion
6049165,johnnycat829
6049646,ervinjuresa
60514856,ksushasivak
6061270,dirosky
60632063,alinaberlin
60746786,filcsoares
6082867,parisiangeek
60864826,manon_forgues
6090977,nialltg
61020,fwmj
61103561,char_stringer
61146604,hasanalpalemdar
61158088,elliemort
6117024,vincenttessier
6117876,lukitas_marchi
61180933,liftman2009
6119359,jimmydi2
6122416,prastakaki
61262,eranchetz
61280177,djleroywilson
61289304,milanchegg
61310,elliotpearson
61333450,gdaugelaite
6134155,souterconsults
61362576,aal_bastaki
61466415,runtime3rror
6146748,beacats
6150821,jasonfather7
61524,sitar
6153282,nwyrktodd
6155409,sevdalondon
61679214,sarahggallagher
6171587,stevekreeger
61726871,moon_g
61757558,heyhussain
61785153,de_bora31
61827343,dj_the_boy
61833,tomstuart
61886630,lamiaalhamad
61957956,leoelusive
6197337,alalchan
6197364,nalini_maharaj
62041996,ahodam
62046991,tlpdrn
62108250,iallek
62131345,16feb81
6219671,wimpsandposers
6223954,alliegraywords
6225861,keqian
6226534,chrismundy
6227056,caeoliveira
6229215,rafaeltrape
62300056,tatlimsinsen451
6233923,jfoit
624143,feliperibeiros
6242494,m_althawadi
62457064,interneteyes
6247447,travel_hack
6247673,danieljlist
6253286,chazzyfoy
625873,hairysmiley
62657814,gh_lion
6266016,stylo_aidi
62720570,fa6maibrahim
6273143,s0840yossy
62733,thecoolgeek
627590,alexiwheeler
6278113,marciomilk
62786131,rachelsliu
6284332,heylorryn
62857,duanebrown
628683,petelo59
62937121,lievetr
62963,minor9th
630053,gutti_tw
6303060,yiquai
63036,desirock
6304914,so_r
6305882,juliansims
6306133,caromanos
6309542,thomassmith123
6310107,mampezzan
63150290,vladilenzarubin
6315699,linamdc
63159,nikpoon
63183615,kiiita
63249783,tblackstock1
6325676,kojoru
63258348,elliottsailors
63268914,scakin
6327035,melih_okursoy
63290292,qhr11
633048,domix
63317743,jamesbarber37
6332641,gzwaal
6334835,doctorhussain
63366965,sinemkvs
63424,fashionnbarbie
634469,kcchano
634528,rober1236jua
63476269,erospsiconauta
63535590,lecoolcat
63577269,_timoomit_
63579433,alfama_goa
6358331,alya_poz
636270,blogallalong
6364271,sbhome
63645722,lollipoppi4u
63650519,josepenricvm
6366,philrich
6367471,lorimeakin
6370662,heatherknight08
63731446,dadzulis
6377172,thejrb
63774511,m3b_001
63827644,theonerahman
63856842,brecht1965
63865275,cdot100
6390540,pushdboundaries
63941284,kevinchaduc
6395278,ischt
6397647,rimalovski
63992442,fahad_cba
64043528,emisfear
6409520,charlesgalan
64123314,franceskatlo
64129217,d_angari
64136394,kalliouska
64180087,csacsiga
64183163,pharlau
6431745,pabloimrik17
6435075,viviliciousxo
64406430,vandeputkims
6441338,hazimbumin
64467,spode
64479,di9it8
64523879,andrgcg
6461,xina
6467036,mellie_yo
64672,jamesdglick
646884,intanalwi
6470957,rghvmhjn
64711,carolinebosher
64720586,joslyn_bk
64725262,dpiras1965
64767,jameshiga
6478905,chris_rob
64829020,meinliebchen
6492136,burcugorucuoglu
6493212,tugger2k
649429,jdruni
64958556,markol52
6496237,ryano3000
6499892,katrinachung
650485,nascimentoga
6524273,maringaemons
6527830,loosy83
6529921,notanormallife
653032,igav
653622,davidcuen
65386,hopchet
65400486,slderuzun
65417989,globaldean42
65426567,walad_abooh
65461495,flaviomilitello
65516967,lwong3000
6553525,jelenakatkova
6558754,latincosmicgirl
65603990,soosooashkanani
65647901,thornleymedia
65690,shujimochida
65694391,tugbaozcivan
6570768,kakaviveiros
6571943,bioblink
65720869,quitegana
6577356,noenotiene
65853380,akgozda
65879,alexandriabiker
6590907,amasood2013
659108,girlcheese
65918,bkubany
6599997,raphaelduperret
66082731,sroble84
6612309,victor47005
66140296,a2gxe
66221165,gamzedoaslan
6623521,wildoriental
662424,cjwhittle
6627797,antoinemodol
6630257,vapour_trail
66338527,guccii_gk
663536,frankcjames
663613,neildodd
6637188,fishartis
66389215,dopesolo
6639173,ricardombt
66483210,southsword_
66503032,seanring
66504518,aardvarknsefce
66578236,dariadariabond
6660021,frigojr
6663380,la_javi_m
66668214,jamiestarr1uk
6668753,venerandamora
6670671,pooh__do
6672125,demetergin
667841,markhillary
66790168,taschaelliott
66829803,firatgunayer
6683176,priska42
668458,fdarenatony
66848130,alaabalaa
668620,jeffreymerrihue
66933698,busraadar
66950098,ruhsuzshaman
6696085,deltuso
6696934,angie8gold
6706782,royandrewbarker
67202544,ryybuzz
6720535,eddybrosse
67247,joenixon
6733998,magomarcelo
673481,michaelajayne
6736586,com_mingle
67414252,aslanekrem
67418540,alisakalinceva9
674323,mikeduffy12
674382,adamjacobs
6746196,janecragg
674777,jeshiboo
6748,nep
67504895,reemaljammaz
6752768,brunoambrogi
67573200,noonaaish
67574798,enrouta
67645398,hongkongjohn
67694304,frenchiexpink
6774399,ilnur_minakhmet
67794277,nsuntan
6780696,marifdez565
67846628,simferro
6785603,maria_peshkova
67884908,cheglins
6788572,oyolla
67895322,yukabk
67926897,noniialammar
6795,ayazook
6799431,lazzarojm
68023249,frozen_moments_
6803882,mattoneuk
68047236,oaksandcoulter
681579,lproven
6819014,samjgarforth
682196,benwood
6831112,ekholmtalas
683642,mar_the_man
68383278,jaumeborras_11
68404454,ltda108
68451079,merypunti
68518811,vnakonechnyi
6852587,engr_failaka
68562525,doombandit
6856580,maxwellmystique
68573,papadimitriou
6859333,maxilyse
6863149,jacobpayne89
686669,nicklaw01
68709077,barrymcgee
68713891,angelouki
687315,sandro_amorim
6874399,bdbea
6878014,juicekimberley
6883995,sannexus
68903435,lubbsed
6894457,chrisbelpaire
690067,pendolino
69011879,annlovesny
69026989,phantomanyq8
691018,jerryshack
69112660,mpyeager
6918173,franklymydear69
691968,thewinduppirate
692103,benfletcher
6921621,rufeus
6929990,keyvanakbary
69302514,chris_coleridge
6931335,lanilani_hitomi
693179,lastang
6938369,courtneylj
694064,madridlad
69412008,deniz_gilraen
6944148,tattio
69470196,georgiabenjamin
6949830,francescobovoli
69525087,am3mr
695424,tibineagu
695526,gilesrhysjones
6955402,vlluch
6956696,dutchdeadboy
69589167,rs5jdpom
69590281,ilknurozturk2
6962680,koprowskit
69632900,leonardhoux
69664459,beatriznasco
697596,jussi_kuortti
69761577,j_cheryl
698001,msheikhw
6984674,chukk
69851742,tomasopitz
6987681,ithenry
6988149,leivanova
6988707,saniday
698931,markirv11
699060,manalicream
69906547,mexica2
6992057,blackbauer101
69922331,london_w4
69924899,debbieoakeslife
6994987,tomdringer
69961011,jakez_mod
699679,playfulotusyoga
70034603,nurizzat_
70064963,gokceacarr
7006837,spankgrrrl
70083971,danielslondon
70094048,lduivesteijn
7014079,anniekoyk
7018499,pickupapumpkin
7019301,chiark
7022588,luca_denji
70263027,sheddik
7026330,reddyrus
702637,glowingslab
70295756,a_babybratz
7036595,elja_k
7041,frankgruber
7045123,denisnikulin
7047080,philgpearson
7047548,quartodeviagem
70523657,a_lrassam
7069249,blurussainblu
70692537,missanthrophy
7069448,filipelima
70737244,joyhwang0124
70749146,son_of_yousef
7079683,ja_rguez
70814777,mazp24
70843698,atchrn
70902094,ilzesvane
709105,nassoskappa
70935010,dhaghsai
70944209,forrestgumping
7095500,anointed2012
71022320,sandfordslondon
71037835,cpetzny
71051565,reemond24
71053148,iamdjgordon
71075767,yuldashevaseva
71140952,saritasceren
71149388,ukimuruk
711929,eunicortiz
712376,robfahey
712450,mikeruiz5
71334204,metemetin
7136092,hanybunch
71377925,coffeeintouch
713844,msquinn
7145712,pasku1
7146,bryanhughes
71487182,robbown
71517521,kampsg
7157943,prisnd
7173213,italipina
717427,chleong
7180513,lorhh
7184,nibaq
7188322,kn_london
719011,tompsk
719429,parisarrowsmith
719569,neimarguerra
7200132,nasir_forever
72012870,nouraalbahusain
72020473,ersen06x_
7205685,sonalit
720675,andrescarceller
7206905,d1anedal
7207130,ml_lawii
72088,tomharle
7209378,eddyinblu
72100,vixyoung
721279,blackmbn
721439,marcwlms
7216272,gaznicoll
72194456,sweetinbloom
72195699,cagdaskizilay
72197911,thehanelamars
72232532,fahad_nassr90
72236421,angelalangmann
723032,mrolafsson
723303,lmgjohnson
72341781,goatandurmom
72376406,tahanirha
7239927,davidesocci
72514515,madaalhassan
725776,phasedout
7261486,suileuaine
72626059,lastochka13
7265243,vivizdiniz
72683822,6fdb5018c3e942e
72716646,dilekbsgbg
727323,twigg77
72744711,lismarybaby
7285741,thaiste
7286364,coxao
7288789,pauliminassian
728934,partroot
7296706,antonypace
7298918,laoshe10
730745,rougefrog
7313192,caritomonos
73167627,svmakyldz
731829,teodorastetco
732176,standardoftrust
7322215,bradleyem
73256256,jamen
7326405,1an9elx
7327490,kemenczeiviktor
73297091,nastya_molk
73340675,tataschia
7336572,karandaev
73381958,flexsite
7339899,nasfjoker
73437203,brmatt
73471480,keefslovechild
7350981,philljoannes
7355840,growurbiz_
73580541,julitopalmer
73587008,isamustaza
7362271,susyanese
73713187,pianopiapia
73733579,poggs
737348,usckevin
7376386,roccwildrr
7377481,poglad
73788388,applewafi
73802811,kacantamemo
739222,reinoutebskamp
73955809,gulincelen
7398435,pebeisatari
739964,thisismissem
740255,arbash
740544,idontbakecakes
7406183,lydiia_najerini
7409255,vegancatlady
7413960,wolfeflow
74141140,add143
74263114,shahneela22
74316679,lukasfil
743225,dbr00ks
7434856,jo_a_d_clemente
74369795,lyndacarnal
7437835,doomhz
7443355,twitkro
744905,mattandersonnyc
7451493,rachelslin
7460110,kirsty_crawford
74605896,ipec
7460771,stefansabo
74639905,ldnshopaholic
7471366,lleuadau
7472967,kaldajani
74744090,hakankemaltekin
74761564,iamsulaiman
74773077,linda_aldred
74790532,f____ck
74800125,greghollingswth
748576,th3k3ymast3r
74866011,adrianalealf
748712,the_sklyarov
7487545,evonllc
7488207,iki_gezgin
74955275,yukohtanaka
749610,gtamorim
7496679,eat_your_brain7
7500393,jonfoster
75005016,redrose_eshop
7500577,itsmemeah
75088082,yilmaz_gunal
75095806,s_k_10
751101,chloebeeney
751229,kitblake
7513303,erdemgezer
752615,luica
7527543,alexdarziu
75279,samcarew
7531844,alperuygurr
753305,pbafna
75342659,huilz23
75346031,gorkemli_hayat
75354471,marvinbessa
7536813,dkp1986
75401539,deliric1
754292,alexandra_watts
7548235,sokol_m
7551240,aikoven
75542365,bcf_ant
7556658,niiiik_
75709643,serapaymann
758410,cyndi_han
7584509,iambarley
758611,mlupoi
75871879,manistefania
758962,dexterperrin
7592983,deez_i_bry
7594369,ryangoeden
7594692,sjelms
7595889,denistunguz
759958,le_cynick
7601331,wfied
7604455,wtfanabel
76124868,epspharmacist
761290,ednnaisa
7632229,jonathanchanuk
763276,ro_jito
7638455,trampcorpse
76405686,andreafigliuoli
764443,arabear
76452945,hayley_ldn
7649083,qimeiluo
76552149,shpinkova
7668224,jayneytravels
76688297,sabrinamcewen
7671913,sarahfwarman
767199,weimeng_son
7678,jpgrace
7678530,martiniyoganini
7682194,marcairmtm
76934600,davidcontrerasm
7693863,guiogl
76960106,beacreativebex
7696610,ticiaarruda
76975,mattlucht
76975276,evvnt
7698719,trendsetting
77078521,ksumedicalcity
771528,kannappan
7721707,nikhilm7
77306862,dretonio
7731881,athoobcom
7731915,allyzally
7734425,dannygseal
7740596,siroindustry
7745651,francescoobi
7746255,simplechris
7749562,e9to5
77511742,eminogluinan
7772235,james_oconnor
777919,allawatit
7783450,chriskantos
779121,trojan_g
7798120,laurenetrim
78020665,patagoniacamden
78050745,azrael2393
7806591,coastal_town
781129,pat_charlton
781347,q2099
7814024,uchennangwe
78195384,jaxface
78217785,bestbarsuk
78232488,magpiesvein
78240328,serdich
78259338,memo_mks
782728,asarco_es_ar
7828983,sandorbxl
7829434,bbetter
78294458,neelukohli
7831541,gsantapau
7832672,elifabethizm
7836071,emmamenteath
78392,jovike
78397,martyj21
784055,markus_schwager
78480884,h_xaf
78632,abfdc
7864715,djmcaleese
78650553,az_aar
7867751,zeeinthezone
786790,malibustevie
7871440,duygu_argin
7874025,talita_live
78781228,a_albatel
78812908,gabysslave
788247,garrywalton
78849011,amirmizroch
7885575,pr1nses
7887623,mwhitcombe
788990,davidarino
7899162,_ade
790021,andyhawkes
7901613,davinov
7903649,abunchofletters
790507,bradfehler
79069029,yesim888
79093,zzziah
79119,adampj87
7912220,gn0meavp
7912795,punkerrs
7915630,adrianavecc
7929566,iancworks
792986,mike1e
79304767,jakealbinson
7942695,grmble
79451,barronoid
7947297,vasilezaremba
794809,cpbishop
79520242,jellybeantwits
79541698,raghad6661991
79616,annagoldberg
7961821,santicf
79649630,tfeasterbunny
7969672,ne0nnet
7971265,stevezhangyue
7973850,kimvilein
797650,theonecrystal
7988867,ssung_d
7994280,gridinoc
7997838,ifraaan
7998292,imartinezelx
80025,willfrancis
8009713,alejandroantona
8011043,swindong
80124,erickschonfeld
8012969,srnrmzn
80266,amyisarockstar
8029536,hannahthenb
8034790,szoks
8035108,nkrgupta
80453746,msbcmc
8048194,foodieclaire
804840,lewisoaten
8052346,stationhelgi
8055480,dmitry_kurilo
8056709,lil_uae
80584728,hunbumby
80586657,define_gravity
8062827,elissetennis
8064645,haziel_cyb
8066258,eddylord
8066648,stiletto_shoe
80674,ronnitino
807322,heyorpheus
80859047,pirudzv
8089423,sotirismihas
8091133,chris_brown_uk
80914,ewanmcintosh
8092733,karteaga
80951210,darcrose22
80984122,karinchristen
81046784,princessracheli
8116123,clarebottle
8118866,bunchofsteve
81222957,magycarmona
8123614,simondixontwitt
812543,leotwit
8127979,call_me_psychic
81366478,szokolaiakos
81374730,joannasable
8148428,jaroslawmarciuk
814859,eastendlass
81597,jpickwick
8166532,madaisy
8170924,duan8223
8171388,sbocci
81776310,ogtool
81799225,alkendi_rashid
817998,cld
81801645,mhbbetodemis
8182143,gidipgormeli
81841426,abdulrhmanab
81977760,lauranecolignon
8200346,djpatrickd
82007,parestailor
82008980,sdagency2014
82017024,redsoniafb
8204148,larakao
8205758,olgagigirey
8217197,miss_england_19
82232,sammyspop
82238224,iledrey
8230353,anthonyraggini
8235416,dimegaphones
82377,richard_edwards
8240223,theevilgiraffe
8250621,marcopensak
82629452,kieroluna
8268562,hanamakov
82727617,wendymaarten
8274401,xalex17
82797063,b_da_people
8294216,aedani
82996,thejedi
830064,dggomes
8301658,jhonatansoal
8309105,versacheap
8313357,sofkiss
83136442,sammisehal
8314963,crisrozzini
8321894,liatsantila
832593,zarazimmer
832680,mike_lambert
83347149,ripekitchen
83383891,stcyrvintage
83395155,alenb259
83409565,tcesrakarakas
83460963,kimhana_wasabi
83477766,charlmoulson
8347982,fakesamgregory
8362246,laurakane_
83677464,meeeeow
8372654,albebrian
83868817,graceycoyle
8388302,alimuratkrks
83965116,megster73
83974253,dearalexp
84019176,lemankurtcan
840218,hugorodgerbrown
8404369,sloppyme
84075402,jesusosu
8412116,eros_verderio
8412660,natalieteip
842540,hqvoice
8426350,vaiarava_wb
84372014,fiercegraceyoga
84388882,carmellabrown
8440636,orlandigianluca
8444696,alajlan_a1
84472596,bbblood
84521690,bygadzhiev
845669,mario_e_rojas
8462886,adam_crowe
8474486,sophietilou
8481398,wyche5000
8484949,ollynewport
85097488,c_huiyi
8520142,m_4_mystery
8520204,vale_iuffrida
8520423,connellchris
8520764,alexyoungs
85247,cc00ffee
852814,anoniim
8531614,lalamaguire
8531690,ale_fortuna
8532383,piqueaboo
8539131,vannicaso
8543739,tereeffe
854411,micrux
85468774,noyanlara
8548608,businessjockey
85502,feignedmischief
8554617,earlingtons
8555644,workessence
8559263,ja66y
855992,mandy_reeder
85609890,jamesaworcester
8565784,geldriia
8566186,mynios_hh
8568303,charlottefisher
856831,bogdanst
8570694,selbizs
857092,2goalz
8582949,martysek13
8584868,e_for_m
8586958,rochavanessa
858938,jm10
8591327,missathletique
85964241,tazxbon
861183,miahzinn
86138168,purplebooth
86145652,eylemerdoan
8618887,solsforte
8627065,mwpayne
8627844,badhorsecze
8628215,coury85
86308158,parekhee
86330942,idoles357
8638849,onetinytweet
864024,joshsavage
8640336,sahbazomer
8641274,helenyg
8646711,vikttr
86470284,mikebarnard
8659741,frazerscott
8660172,frau_jana
866027,documentally
8663950,lydiaaries
8668756,nabilamuzamir
86817670,derekjai
86857762,nhidayahrosli
8699777,gorbaghdas
87025945,wthlolly
8703447,parisbroadway
8705914,matmorelli
87079255,katkunze
87087046,bjornlindahl
8708956,virre
87121,romeroworld
87171691,henrytomsp
87188486,bruvivan
87197088,s_wongle
8720982,webcowgirl
8722681,mj_qat
8723398,asselisssa
8726977,jennyhodge
87283485,mira_icegurlz
87327,neilesh
87345031,ivbeenthereblog
87363101,rubemperor
873898,bibi_org
8744854,oldonmachado
87449,lloydielloyd
8753512,hipsterhornet
8760406,vjo
8762814,elrohir52
8763740,dotschko
8765701,esevgi
8773646,p3rrymanku
8776488,m_zemitis
8786952,khaleelu
8795720,__dancho__
87993135,angelogarcia3
8801187,fumbling
88013,alanisko
8804675,heelisdead
880978,deeeelite
88105378,skinnymonk
88124581,ad_0
88258477,zaharahzulkapli
8840974,eunimoon
88452605,edgar_dop
8846542,herocorp83
88482,jrmarting
88520498,morenostasereno
886113,ilyassetdinov
886334,haco86
886614,obalagee
8866256,amiga_500
8867813,marknicholson
88688276,taner1992ko
8869651,kcsetter
88812106,yeswaa
8882069,giakuan
88913103,unitedqueendom
8903289,edithvargas79
890342,mchicosuave
89052,racco
89118428,aminafsari
891382,tamsarion
891445,laveganmichael
89200549,ashes615
893000,pilki42
8937896,blessedfaun
8947561,clebersonmesmo
8951435,joaobuena
896420,deddyfaisal
896448,lieserli
896698,turkeysaladboy
8967863,michaelaswad
8973769,lovesen
8980659,njouannem
89815,tyom
8989491,norabean
900106,yaminqo
90022115,greeneandco
9002739,blakejkyoung
9009554,edwinbriefly
90150196,shahadalqahtan
902006,youknowmynumber
9025620,bakingcindy
9035543,verbludozis
90398,natbat
90502018,rugiyya_g
9055361,nina_sot
906838,wvrknight
9073671,true_archiguy
908162,takeecy
9082144,_msconservative
908505,oncletom
9089988,armagio
909403,sandeep29
909591,jessemontano
9102201,thananyal
9104121,richardgibson
91042057,bleedingxemo
9106495,nflopes
91082664,manchmalfieber
91103903,jefferychoy
9110466,eurydice13
9114519,_sweetcherrie_
9137222,makekullymad
9141575,jim_b
914229,satureyes
914231,bieberstein
914710,jlnyrk
91496826,ezrazaid
9155043,gozdeaydin
9159582,jamilspain
916120,mandywtong
91689598,emmipop
91705451,anniezhouu
9176559,martymcfly_phd
918261,ilkut
918298,barriejdavies
9187489,ceyda_kaya
9189836,chernova_anyaa
91922576,fucking_pirate
9203008,jujugilon
92030688,jlrushworth
9207740,jonnyashton
92085,alextrafford
9208682,itsgelow
9214563,pollypkrd
9216958,soul86
9218839,muzzkhan
92313384,2zl
92451023,jbeaucourt
9248345,djoptimusfunk
9250344,ewansomers
92514265,esesmujoks
92527405,nicole_trr
9253394,khaled_alkozam
9253687,katangus
92557997,frybrasil
9256664,brendabowie
925955,portal_cidade
92606403,salmanalmekrad
927338,shjeon
927608,whowantscake
92831,kjxoxo
92890351,alyssughmarie
92903543,wellytoad
92913811,libertine77
929374,kosodesign
929639,mamuf
9299529,richardwiggins
9301853,worrowior
931153,dancharvey
93134109,jalil_alejandro
931352,sergioferraroit
93206,sebbyriot
932156,linaandthecity
933787,clparkerson
9339676,megametropolis
934,keeg
93476899,leventakgerman
934960,futurezero
9350113,gigimarzo84
9350871,akiekotabe
9353610,_giselle_love_
9356631,xrisouax
93578803,expdaisen
93599,beler
9366368,e3003
9371277,shuruppino
9372861,aliiice
9374533,minamikusatu
9374995,al_dmi3
93775,mikemartin604
938310,brandiimarie
93848128,piroko42
938822,frankdjr
93956776,dscape
93976745,aguynamedkevin
9413228,paulbromford
94135417,katie_astrophe
9413821,acidburnblue
941639,incentindia
94167,mgratz
9417330,tobitests
9418859,shehnazinlondon
9421014,leylalalala
9421346,georgefbuk
943028,timlad
9444619,tonyhch
94478,darraghdoyle
94495275,ilsugoitalian
94735,david_rosenberg
9477469,matcook2009
9484175,antonywc
948720,vonblau
948957,nactarum
9493815,buranapoli
94999,noplacelike_it
9513658,mr_rav3n
9523250,thyagofalconi
9525346,bsabaric
953516,sicault
953583,vedavyasa
954405,scarlett_fu
955056,jmnish
955893,gabriellala
957495,dghedit
9580408,goonerreed
95843733,toomy_z
9599851,thewinesleuth
96028791,resolvefilm
9603837,jl_morenoa
96252640,seymakalkannn
9634631,nimrodnate
963547,daynegrant
9636232,andresnash
9640240,montsecano
9641355,katshenton
96557,sherbetmedia
9668425,wm_jerome
9670076,6amim
9671340,levakcz
9672028,lucyswebdesigns
9687091,whit3kr0w
96932155,samsiion
9697494,evemauve
9698162,stefek99
970843,boazsays
9719201,sip0wicz
9721484,bradleysinger
9724837,alesantos1974
9742902,juliet_sawyer
9743812,extrafett
9747059,yrlkm
9747334,bad_mongo
9760784,momentale
97613248,onyeukwuonyenso
976609,stringfellow
9780844,illy75
9790346,raducueu
9801614,annaellegaard
9804116,lavendellady
9809988,dredzombie
9812298,technojazzbro
9815275,redwards5
9816418,jesus_ds
982194,alexbilbie
98236,jmedwards
9833512,oguz
9842485,shawnacorso
9852159,brunocastella
9864365,stotyka
98663,moneill
98761,alsothings
98813990,zanetaj
9890089,ruxeg
9900454,vegan_stephanie
992818,mrcfabbri
99332577,thecoffeejar
9935461,radko93
9963165,bettycatcat
9964328,ckmukasa
9966499,cristianmusella
9971073,cyburn
997811,farha_nor
9987083,zbzacbrown
9987244,maximummarks
9993196,maribelts
99967,osakin
999826,jonashley
